BYWDBz@ya.ru,READ,2024-09-20 13:18:30
FEXVfhXnUNAV@mail.ru,READ,2024-09-20 05:38:56
cfLRkASXpiiJT@ya.ru,READ,2024-09-20 07:14:52
BYWDBz@ya.ru,UPDATE,2024-09-20 13:12:18
GTeZH@mail.ru,READ,2024-09-20 08:27:25
HXiBtspZZahN@mail.ru,DELETE,2024-09-20 01:43:46
cZmhDLeKM@ya.ru,READ,2024-09-20 20:50:52
cZmhDLeKM@ya.ru,READ,2024-09-20 13:00:46
FEXVfhXnUNAV@mail.ru,READ,2024-09-20 10:01:11
cZmhDLeKM@ya.ru,READ,2024-09-20 22:28:06
SYdPBJbV@gmail.com,DELETE,2024-09-20 02:30:12
HXiBtspZZahN@mail.ru,DELETE,2024-09-20 02:21:34
SYdPBJbV@gmail.com,DELETE,2024-09-20 20:37:13
AjdIjF@mail.ru,UPDATE,2024-09-20 19:00:55
SYdPBJbV@gmail.com,READ,2024-09-20 21:35:23
cfLRkASXpiiJT@ya.ru,READ,2024-09-20 15:42:41
GTeZH@mail.ru,READ,2024-09-20 22:34:21
FEXVfhXnUNAV@mail.ru,READ,2024-09-20 13:49:34
cZmhDLeKM@ya.ru,DELETE,2024-09-20 00:13:43
cfLRkASXpiiJT@ya.ru,CREATE,2024-09-20 02:09:47
SYdPBJbV@gmail.com,UPDATE,2024-09-20 22:19:18
HXiBtspZZahN@mail.ru,CREATE,2024-09-20 20:38:50
BYWDBz@ya.ru,CREATE,2024-09-20 04:39:25
BYWDBz@ya.ru,CREATE,2024-09-20 11:00:57
GTeZH@mail.ru,CREATE,2024-09-20 20:54:21
BYWDBz@ya.ru,CREATE,2024-09-20 03:36:21
AjdIjF@mail.ru,CREATE,2024-09-20 06:26:43
AjdIjF@mail.ru,CREATE,2024-09-20 05:43:31
FEXVfhXnUNAV@mail.ru,READ,2024-09-20 14:42:31
FEXVfhXnUNAV@mail.ru,CREATE,2024-09-20 20:27:27
cZmhDLeKM@ya.ru,UPDATE,2024-09-20 18:57:02
kHpHM@ya.ru,READ,2024-09-20 12:29:16
GTeZH@mail.ru,DELETE,2024-09-20 03:18:41
kHpHM@ya.ru,DELETE,2024-09-20 08:06:43
kHpHM@ya.ru,CREATE,2024-09-20 20:15:06
cZmhDLeKM@ya.ru,UPDATE,2024-09-20 14:40:28
BYWDBz@ya.ru,CREATE,2024-09-20 18:28:19
kHpHM@ya.ru,CREATE,2024-09-20 16:08:23
RssCui@mail.ru,DELETE,2024-09-20 12:09:44
BYWDBz@ya.ru,CREATE,2024-09-20 06:59:32
SYdPBJbV@gmail.com,UPDATE,2024-09-20 22:24:05
FEXVfhXnUNAV@mail.ru,READ,2024-09-20 07:26:35
cfLRkASXpiiJT@ya.ru,UPDATE,2024-09-20 08:38:45
SYdPBJbV@gmail.com,CREATE,2024-09-20 00:29:46
GTeZH@mail.ru,READ,2024-09-20 18:12:32
cZmhDLeKM@ya.ru,READ,2024-09-20 18:55:05
BYWDBz@ya.ru,READ,2024-09-20 10:50:44
FEXVfhXnUNAV@mail.ru,CREATE,2024-09-20 11:36:03
AjdIjF@mail.ru,UPDATE,2024-09-20 12:49:58
AjdIjF@mail.ru,READ,2024-09-20 10:54:35
RssCui@mail.ru,UPDATE,2024-09-20 07:45:37
FEXVfhXnUNAV@mail.ru,READ,2024-09-20 00:01:01
kHpHM@ya.ru,READ,2024-09-20 19:02:03
GTeZH@mail.ru,CREATE,2024-09-20 17:02:31
RssCui@mail.ru,READ,2024-09-20 17:02:34
FEXVfhXnUNAV@mail.ru,DELETE,2024-09-20 22:46:15
AjdIjF@mail.ru,DELETE,2024-09-20 07:05:32
cZmhDLeKM@ya.ru,UPDATE,2024-09-20 08:38:26
AjdIjF@mail.ru,READ,2024-09-20 05:04:09
SYdPBJbV@gmail.com,DELETE,2024-09-20 08:09:37
SYdPBJbV@gmail.com,CREATE,2024-09-20 10:09:49
GTeZH@mail.ru,UPDATE,2024-09-20 15:37:29
cfLRkASXpiiJT@ya.ru,DELETE,2024-09-20 12:08:29
cfLRkASXpiiJT@ya.ru,DELETE,2024-09-20 05:05:12
RssCui@mail.ru,READ,2024-09-20 03:30:51
FEXVfhXnUNAV@mail.ru,UPDATE,2024-09-20 08:30:22
AjdIjF@mail.ru,DELETE,2024-09-20 00:17:56
RssCui@mail.ru,READ,2024-09-20 06:30:31
BYWDBz@ya.ru,DELETE,2024-09-20 05:37:01
SYdPBJbV@gmail.com,READ,2024-09-20 09:23:31
GTeZH@mail.ru,DELETE,2024-09-20 09:21:05
kHpHM@ya.ru,DELETE,2024-09-20 14:12:45
HXiBtspZZahN@mail.ru,DELETE,2024-09-20 15:25:23
BYWDBz@ya.ru,DELETE,2024-09-20 17:31:10
SYdPBJbV@gmail.com,CREATE,2024-09-20 19:20:21
kHpHM@ya.ru,UPDATE,2024-09-20 18:24:47
FEXVfhXnUNAV@mail.ru,CREATE,2024-09-20 13:55:42
HXiBtspZZahN@mail.ru,UPDATE,2024-09-20 17:04:06
FEXVfhXnUNAV@mail.ru,CREATE,2024-09-20 10:57:38
FEXVfhXnUNAV@mail.ru,UPDATE,2024-09-20 01:53:43
cZmhDLeKM@ya.ru,READ,2024-09-20 19:46:52
cfLRkASXpiiJT@ya.ru,READ,2024-09-20 17:55:30
BYWDBz@ya.ru,UPDATE,2024-09-20 02:31:10
BYWDBz@ya.ru,UPDATE,2024-09-20 10:51:50
SYdPBJbV@gmail.com,CREATE,2024-09-20 11:42:30
GTeZH@mail.ru,DELETE,2024-09-20 04:06:02
GTeZH@mail.ru,DELETE,2024-09-20 11:30:31
BYWDBz@ya.ru,UPDATE,2024-09-20 12:45:40
SYdPBJbV@gmail.com,READ,2024-09-20 15:44:26
GTeZH@mail.ru,CREATE,2024-09-20 16:58:23
GTeZH@mail.ru,DELETE,2024-09-20 23:11:04
cZmhDLeKM@ya.ru,DELETE,2024-09-20 06:15:24
kHpHM@ya.ru,UPDATE,2024-09-20 04:28:46
BYWDBz@ya.ru,DELETE,2024-09-20 13:17:28
GTeZH@mail.ru,UPDATE,2024-09-20 18:05:47
HXiBtspZZahN@mail.ru,READ,2024-09-20 02:10:11
AjdIjF@mail.ru,DELETE,2024-09-20 13:34:28
HXiBtspZZahN@mail.ru,UPDATE,2024-09-20 19:17:09
GTeZH@mail.ru,DELETE,2024-09-20 14:40:33
AjdIjF@mail.ru,DELETE,2024-09-20 05:57:06
cfLRkASXpiiJT@ya.ru,DELETE,2024-09-20 10:39:38
AjdIjF@mail.ru,READ,2024-09-20 18:50:39
kHpHM@ya.ru,UPDATE,2024-09-20 03:13:54
cZmhDLeKM@ya.ru,DELETE,2024-09-20 03:01:13
SYdPBJbV@gmail.com,CREATE,2024-09-20 23:57:23
cZmhDLeKM@ya.ru,UPDATE,2024-09-20 09:55:01
HXiBtspZZahN@mail.ru,READ,2024-09-20 14:51:23
GTeZH@mail.ru,UPDATE,2024-09-20 23:08:48
kHpHM@ya.ru,DELETE,2024-09-20 15:16:08
SYdPBJbV@gmail.com,READ,2024-09-20 10:24:38
cZmhDLeKM@ya.ru,CREATE,2024-09-20 03:45:28
HXiBtspZZahN@mail.ru,DELETE,2024-09-20 14:42:55
BYWDBz@ya.ru,DELETE,2024-09-20 17:56:52
HXiBtspZZahN@mail.ru,CREATE,2024-09-20 21:24:55
AjdIjF@mail.ru,READ,2024-09-20 17:01:41
HXiBtspZZahN@mail.ru,READ,2024-09-20 08:26:06
kHpHM@ya.ru,READ,2024-09-20 19:15:10
kHpHM@ya.ru,UPDATE,2024-09-20 10:45:05
GTeZH@mail.ru,UPDATE,2024-09-20 04:19:55
FEXVfhXnUNAV@mail.ru,DELETE,2024-09-20 02:36:36
FEXVfhXnUNAV@mail.ru,CREATE,2024-09-20 14:59:43
RssCui@mail.ru,UPDATE,2024-09-20 14:04:56
BYWDBz@ya.ru,DELETE,2024-09-20 09:58:49
kHpHM@ya.ru,CREATE,2024-09-20 09:28:37
SYdPBJbV@gmail.com,UPDATE,2024-09-20 17:41:09
kHpHM@ya.ru,DELETE,2024-09-20 22:52:04
FEXVfhXnUNAV@mail.ru,READ,2024-09-20 20:55:36
cZmhDLeKM@ya.ru,DELETE,2024-09-20 14:42:20
cfLRkASXpiiJT@ya.ru,CREATE,2024-09-20 05:26:19
HXiBtspZZahN@mail.ru,DELETE,2024-09-20 20:34:46
cZmhDLeKM@ya.ru,UPDATE,2024-09-20 10:35:43
cZmhDLeKM@ya.ru,DELETE,2024-09-20 11:51:43
RssCui@mail.ru,UPDATE,2024-09-20 01:26:28
HXiBtspZZahN@mail.ru,CREATE,2024-09-20 10:58:50
GTeZH@mail.ru,READ,2024-09-20 14:52:56
FEXVfhXnUNAV@mail.ru,READ,2024-09-20 17:58:47
cZmhDLeKM@ya.ru,READ,2024-09-20 22:18:39
kHpHM@ya.ru,DELETE,2024-09-20 19:45:29
kHpHM@ya.ru,UPDATE,2024-09-20 20:46:04
HXiBtspZZahN@mail.ru,DELETE,2024-09-20 01:52:19
RssCui@mail.ru,CREATE,2024-09-20 01:00:33
GTeZH@mail.ru,CREATE,2024-09-20 19:01:28
RssCui@mail.ru,DELETE,2024-09-20 21:37:59
BYWDBz@ya.ru,DELETE,2024-09-20 09:01:03
cfLRkASXpiiJT@ya.ru,UPDATE,2024-09-20 12:21:00
SYdPBJbV@gmail.com,READ,2024-09-20 23:49:36
GTeZH@mail.ru,DELETE,2024-09-20 19:22:20
kHpHM@ya.ru,CREATE,2024-09-20 02:39:29
FEXVfhXnUNAV@mail.ru,CREATE,2024-09-20 11:02:57
HXiBtspZZahN@mail.ru,CREATE,2024-09-20 18:21:43
BYWDBz@ya.ru,CREATE,2024-09-20 18:16:12
GTeZH@mail.ru,DELETE,2024-09-20 09:24:02
AjdIjF@mail.ru,UPDATE,2024-09-20 19:17:56
FEXVfhXnUNAV@mail.ru,UPDATE,2024-09-20 18:04:01
FEXVfhXnUNAV@mail.ru,UPDATE,2024-09-20 04:33:40
RssCui@mail.ru,CREATE,2024-09-20 18:48:35
RssCui@mail.ru,DELETE,2024-09-20 06:10:42
kHpHM@ya.ru,READ,2024-09-20 17:55:06
HXiBtspZZahN@mail.ru,READ,2024-09-20 08:11:44
SYdPBJbV@gmail.com,READ,2024-09-20 22:57:39
RssCui@mail.ru,CREATE,2024-09-20 19:31:52
kHpHM@ya.ru,CREATE,2024-09-20 13:21:38
BYWDBz@ya.ru,UPDATE,2024-09-20 05:35:31
HXiBtspZZahN@mail.ru,READ,2024-09-20 08:52:46
cfLRkASXpiiJT@ya.ru,CREATE,2024-09-20 05:29:04
SYdPBJbV@gmail.com,CREATE,2024-09-20 13:40:26
cZmhDLeKM@ya.ru,READ,2024-09-20 02:36:52
AjdIjF@mail.ru,UPDATE,2024-09-20 07:34:14
BYWDBz@ya.ru,READ,2024-09-20 11:47:28
cfLRkASXpiiJT@ya.ru,UPDATE,2024-09-20 09:58:32
cfLRkASXpiiJT@ya.ru,CREATE,2024-09-20 07:16:13
AjdIjF@mail.ru,UPDATE,2024-09-20 19:00:46
BYWDBz@ya.ru,READ,2024-09-20 09:32:23
RssCui@mail.ru,UPDATE,2024-09-20 01:25:24
FEXVfhXnUNAV@mail.ru,DELETE,2024-09-20 17:51:37
cZmhDLeKM@ya.ru,READ,2024-09-20 18:59:04
cZmhDLeKM@ya.ru,UPDATE,2024-09-20 20:11:57
GTeZH@mail.ru,READ,2024-09-20 06:28:52
FEXVfhXnUNAV@mail.ru,DELETE,2024-09-20 08:32:47
BYWDBz@ya.ru,UPDATE,2024-09-20 20:42:07
cfLRkASXpiiJT@ya.ru,DELETE,2024-09-20 01:10:38
cZmhDLeKM@ya.ru,DELETE,2024-09-20 19:51:39
RssCui@mail.ru,UPDATE,2024-09-20 13:37:06
GTeZH@mail.ru,CREATE,2024-09-20 21:58:35
HXiBtspZZahN@mail.ru,DELETE,2024-09-20 03:07:31
cZmhDLeKM@ya.ru,UPDATE,2024-09-20 15:03:19
BYWDBz@ya.ru,DELETE,2024-09-20 00:16:52
kHpHM@ya.ru,DELETE,2024-09-20 14:15:33
SYdPBJbV@gmail.com,CREATE,2024-09-20 06:44:03
HXiBtspZZahN@mail.ru,READ,2024-09-20 10:33:26
FEXVfhXnUNAV@mail.ru,CREATE,2024-09-20 22:07:07
FEXVfhXnUNAV@mail.ru,CREATE,2024-09-20 02:12:38
RssCui@mail.ru,UPDATE,2024-09-20 12:06:32
FEXVfhXnUNAV@mail.ru,READ,2024-09-20 04:50:25
HXiBtspZZahN@mail.ru,UPDATE,2024-09-20 23:59:16
RssCui@mail.ru,READ,2024-09-20 05:09:39
RssCui@mail.ru,CREATE,2024-09-20 14:36:35
AjdIjF@mail.ru,CREATE,2024-09-20 21:57:59
BYWDBz@ya.ru,UPDATE,2024-09-20 02:22:01
cfLRkASXpiiJT@ya.ru,DELETE,2024-09-20 05:19:10
FEXVfhXnUNAV@mail.ru,READ,2024-09-20 19:14:38
cZmhDLeKM@ya.ru,DELETE,2024-09-20 18:26:18
RssCui@mail.ru,UPDATE,2024-09-20 15:57:06
SYdPBJbV@gmail.com,DELETE,2024-09-20 23:32:17
BYWDBz@ya.ru,CREATE,2024-09-20 17:00:12
cfLRkASXpiiJT@ya.ru,CREATE,2024-09-20 03:50:59
GTeZH@mail.ru,UPDATE,2024-09-20 10:47:52
FEXVfhXnUNAV@mail.ru,UPDATE,2024-09-20 00:09:07
cZmhDLeKM@ya.ru,DELETE,2024-09-20 22:34:23
AjdIjF@mail.ru,UPDATE,2024-09-20 12:34:25
cfLRkASXpiiJT@ya.ru,UPDATE,2024-09-20 20:41:04
RssCui@mail.ru,DELETE,2024-09-20 12:02:07
RssCui@mail.ru,DELETE,2024-09-20 06:16:38
SYdPBJbV@gmail.com,CREATE,2024-09-20 13:30:17
RssCui@mail.ru,UPDATE,2024-09-20 11:52:41
cfLRkASXpiiJT@ya.ru,UPDATE,2024-09-20 22:29:08
kHpHM@ya.ru,READ,2024-09-20 01:39:33
cZmhDLeKM@ya.ru,READ,2024-09-20 20:48:33
kHpHM@ya.ru,UPDATE,2024-09-20 03:07:39
SYdPBJbV@gmail.com,READ,2024-09-20 23:19:46
BYWDBz@ya.ru,CREATE,2024-09-20 16:20:21
HXiBtspZZahN@mail.ru,READ,2024-09-20 10:38:23
GTeZH@mail.ru,READ,2024-09-20 05:34:08
kHpHM@ya.ru,READ,2024-09-20 01:08:14
RssCui@mail.ru,CREATE,2024-09-20 10:13:12
kHpHM@ya.ru,DELETE,2024-09-20 00:52:57
BYWDBz@ya.ru,CREATE,2024-09-20 07:15:33
kHpHM@ya.ru,UPDATE,2024-09-20 02:16:31
cfLRkASXpiiJT@ya.ru,CREATE,2024-09-20 21:10:04
cZmhDLeKM@ya.ru,UPDATE,2024-09-20 08:45:00
SYdPBJbV@gmail.com,CREATE,2024-09-20 12:08:54
SYdPBJbV@gmail.com,UPDATE,2024-09-20 07:57:44
FEXVfhXnUNAV@mail.ru,UPDATE,2024-09-20 10:56:01
BYWDBz@ya.ru,UPDATE,2024-09-20 16:50:55
kHpHM@ya.ru,DELETE,2024-09-20 19:56:30
cZmhDLeKM@ya.ru,DELETE,2024-09-20 20:30:19
FEXVfhXnUNAV@mail.ru,UPDATE,2024-09-20 21:36:22
AjdIjF@mail.ru,CREATE,2024-09-20 10:41:48
cZmhDLeKM@ya.ru,READ,2024-09-20 02:40:43
AjdIjF@mail.ru,READ,2024-09-20 12:30:53
AjdIjF@mail.ru,DELETE,2024-09-20 11:39:15
FEXVfhXnUNAV@mail.ru,CREATE,2024-09-20 10:38:32
cfLRkASXpiiJT@ya.ru,DELETE,2024-09-20 18:47:23
cfLRkASXpiiJT@ya.ru,READ,2024-09-20 23:20:08
cfLRkASXpiiJT@ya.ru,READ,2024-09-20 09:55:35
cfLRkASXpiiJT@ya.ru,CREATE,2024-09-20 04:07:52
SYdPBJbV@gmail.com,DELETE,2024-09-20 12:06:39
kHpHM@ya.ru,UPDATE,2024-09-20 12:44:46
kHpHM@ya.ru,READ,2024-09-20 02:56:01
BYWDBz@ya.ru,UPDATE,2024-09-20 18:36:17
GTeZH@mail.ru,READ,2024-09-20 19:50:52
RssCui@mail.ru,UPDATE,2024-09-20 18:51:26
cZmhDLeKM@ya.ru,UPDATE,2024-09-20 07:30:01
cZmhDLeKM@ya.ru,READ,2024-09-20 15:26:57
cZmhDLeKM@ya.ru,CREATE,2024-09-20 07:23:57
kHpHM@ya.ru,READ,2024-09-20 06:47:20
GTeZH@mail.ru,CREATE,2024-09-20 08:20:29
FEXVfhXnUNAV@mail.ru,UPDATE,2024-09-20 01:31:01
BYWDBz@ya.ru,READ,2024-09-20 02:12:27
HXiBtspZZahN@mail.ru,DELETE,2024-09-20 08:31:31
BYWDBz@ya.ru,DELETE,2024-09-20 18:24:04
kHpHM@ya.ru,READ,2024-09-20 14:34:50
AjdIjF@mail.ru,UPDATE,2024-09-20 14:23:51
cZmhDLeKM@ya.ru,READ,2024-09-20 07:15:43
RssCui@mail.ru,CREATE,2024-09-20 16:25:14
BYWDBz@ya.ru,CREATE,2024-09-20 09:52:07
GTeZH@mail.ru,DELETE,2024-09-20 05:11:43
cZmhDLeKM@ya.ru,UPDATE,2024-09-20 20:06:44
FEXVfhXnUNAV@mail.ru,UPDATE,2024-09-20 20:23:11
FEXVfhXnUNAV@mail.ru,READ,2024-09-20 01:24:38
FEXVfhXnUNAV@mail.ru,CREATE,2024-09-20 19:33:36
kHpHM@ya.ru,CREATE,2024-09-20 20:54:34
BYWDBz@ya.ru,UPDATE,2024-09-20 14:22:06
kHpHM@ya.ru,CREATE,2024-09-20 22:25:27
BYWDBz@ya.ru,READ,2024-09-20 00:49:00
RssCui@mail.ru,DELETE,2024-09-20 15:23:37
FEXVfhXnUNAV@mail.ru,CREATE,2024-09-20 09:53:43
SYdPBJbV@gmail.com,DELETE,2024-09-20 22:12:21
FEXVfhXnUNAV@mail.ru,UPDATE,2024-09-20 05:53:34
cfLRkASXpiiJT@ya.ru,UPDATE,2024-09-20 12:20:31
FEXVfhXnUNAV@mail.ru,UPDATE,2024-09-20 14:22:52
SYdPBJbV@gmail.com,CREATE,2024-09-20 11:09:09
kHpHM@ya.ru,DELETE,2024-09-20 19:36:42
HXiBtspZZahN@mail.ru,DELETE,2024-09-20 10:22:04
cZmhDLeKM@ya.ru,READ,2024-09-20 05:07:18
BYWDBz@ya.ru,DELETE,2024-09-20 10:26:24
HXiBtspZZahN@mail.ru,READ,2024-09-20 03:52:20
GTeZH@mail.ru,UPDATE,2024-09-20 22:57:00
RssCui@mail.ru,UPDATE,2024-09-20 17:11:46
BYWDBz@ya.ru,DELETE,2024-09-20 22:28:40
HXiBtspZZahN@mail.ru,DELETE,2024-09-20 01:18:29
BYWDBz@ya.ru,DELETE,2024-09-20 04:50:03
GTeZH@mail.ru,CREATE,2024-09-20 06:40:46
GTeZH@mail.ru,UPDATE,2024-09-20 04:18:37
kHpHM@ya.ru,READ,2024-09-20 00:16:06
SYdPBJbV@gmail.com,CREATE,2024-09-20 16:08:43
kHpHM@ya.ru,CREATE,2024-09-20 11:14:56
GTeZH@mail.ru,DELETE,2024-09-20 02:21:55
BYWDBz@ya.ru,UPDATE,2024-09-20 18:52:50
RssCui@mail.ru,DELETE,2024-09-20 02:23:06
GTeZH@mail.ru,READ,2024-09-20 01:23:48
FEXVfhXnUNAV@mail.ru,UPDATE,2024-09-20 15:00:32
kHpHM@ya.ru,READ,2024-09-20 07:28:26
kHpHM@ya.ru,DELETE,2024-09-20 07:38:13
cfLRkASXpiiJT@ya.ru,UPDATE,2024-09-20 22:50:11
cfLRkASXpiiJT@ya.ru,DELETE,2024-09-20 08:12:41
cZmhDLeKM@ya.ru,READ,2024-09-20 17:03:03
kHpHM@ya.ru,READ,2024-09-20 03:20:53
kHpHM@ya.ru,READ,2024-09-20 02:24:03
cfLRkASXpiiJT@ya.ru,READ,2024-09-20 02:46:29
BYWDBz@ya.ru,CREATE,2024-09-20 02:20:01
AjdIjF@mail.ru,UPDATE,2024-09-20 16:02:10
HXiBtspZZahN@mail.ru,READ,2024-09-20 06:17:44
BYWDBz@ya.ru,CREATE,2024-09-20 18:28:45
AjdIjF@mail.ru,CREATE,2024-09-20 22:45:32
cZmhDLeKM@ya.ru,DELETE,2024-09-20 11:28:48
cZmhDLeKM@ya.ru,DELETE,2024-09-20 18:27:55
BYWDBz@ya.ru,READ,2024-09-20 06:22:42
FEXVfhXnUNAV@mail.ru,READ,2024-09-20 06:02:02
HXiBtspZZahN@mail.ru,UPDATE,2024-09-20 01:28:48
AjdIjF@mail.ru,DELETE,2024-09-20 09:00:10
HXiBtspZZahN@mail.ru,DELETE,2024-09-20 05:16:48
kHpHM@ya.ru,DELETE,2024-09-20 23:04:26
FEXVfhXnUNAV@mail.ru,CREATE,2024-09-20 17:44:58
SYdPBJbV@gmail.com,CREATE,2024-09-20 20:56:54
HXiBtspZZahN@mail.ru,CREATE,2024-09-20 18:37:32
GTeZH@mail.ru,READ,2024-09-20 06:36:45
cZmhDLeKM@ya.ru,READ,2024-09-20 00:38:09
RssCui@mail.ru,DELETE,2024-09-20 12:26:18
BYWDBz@ya.ru,DELETE,2024-09-20 04:00:17
SYdPBJbV@gmail.com,UPDATE,2024-09-20 11:09:49
HXiBtspZZahN@mail.ru,CREATE,2024-09-20 07:43:34
kHpHM@ya.ru,UPDATE,2024-09-20 14:44:58
BYWDBz@ya.ru,READ,2024-09-20 15:43:15
BYWDBz@ya.ru,UPDATE,2024-09-20 14:03:35
SYdPBJbV@gmail.com,DELETE,2024-09-20 04:52:10
kHpHM@ya.ru,CREATE,2024-09-20 14:49:00
AjdIjF@mail.ru,UPDATE,2024-09-20 09:16:03
GTeZH@mail.ru,DELETE,2024-09-20 17:06:34
FEXVfhXnUNAV@mail.ru,UPDATE,2024-09-20 05:41:06
SYdPBJbV@gmail.com,CREATE,2024-09-20 19:22:48
BYWDBz@ya.ru,UPDATE,2024-09-20 05:42:04
kHpHM@ya.ru,UPDATE,2024-09-20 02:43:23
FEXVfhXnUNAV@mail.ru,CREATE,2024-09-20 03:27:10
cfLRkASXpiiJT@ya.ru,CREATE,2024-09-20 07:20:57
GTeZH@mail.ru,UPDATE,2024-09-20 13:05:28
AjdIjF@mail.ru,DELETE,2024-09-20 22:05:25
AjdIjF@mail.ru,READ,2024-09-20 04:56:45
RssCui@mail.ru,CREATE,2024-09-20 21:17:19
cfLRkASXpiiJT@ya.ru,CREATE,2024-09-20 19:22:41
SYdPBJbV@gmail.com,DELETE,2024-09-20 21:50:34
SYdPBJbV@gmail.com,DELETE,2024-09-20 12:40:24
SYdPBJbV@gmail.com,CREATE,2024-09-20 10:04:39
HXiBtspZZahN@mail.ru,CREATE,2024-09-20 04:55:06
AjdIjF@mail.ru,DELETE,2024-09-20 04:30:46
SYdPBJbV@gmail.com,READ,2024-09-20 22:55:00
RssCui@mail.ru,CREATE,2024-09-20 11:48:45
AjdIjF@mail.ru,READ,2024-09-20 16:40:42
SYdPBJbV@gmail.com,UPDATE,2024-09-20 13:53:24
AjdIjF@mail.ru,READ,2024-09-20 02:45:39
GTeZH@mail.ru,UPDATE,2024-09-20 03:26:43
cZmhDLeKM@ya.ru,READ,2024-09-20 12:24:52
kHpHM@ya.ru,UPDATE,2024-09-20 02:24:28
AjdIjF@mail.ru,DELETE,2024-09-20 09:29:15
cfLRkASXpiiJT@ya.ru,UPDATE,2024-09-20 02:37:51
HXiBtspZZahN@mail.ru,CREATE,2024-09-20 10:52:30
SYdPBJbV@gmail.com,CREATE,2024-09-20 16:18:04
BYWDBz@ya.ru,UPDATE,2024-09-20 14:41:22
BYWDBz@ya.ru,CREATE,2024-09-20 09:38:05
FEXVfhXnUNAV@mail.ru,CREATE,2024-09-20 06:34:39
cfLRkASXpiiJT@ya.ru,DELETE,2024-09-20 16:16:07
GTeZH@mail.ru,READ,2024-09-20 07:59:26
BYWDBz@ya.ru,UPDATE,2024-09-20 12:16:39
cfLRkASXpiiJT@ya.ru,DELETE,2024-09-20 05:11:09
cZmhDLeKM@ya.ru,READ,2024-09-20 08:02:03
HXiBtspZZahN@mail.ru,CREATE,2024-09-20 08:20:02
SYdPBJbV@gmail.com,READ,2024-09-20 20:02:37
RssCui@mail.ru,DELETE,2024-09-20 08:21:15
AjdIjF@mail.ru,UPDATE,2024-09-20 04:21:06
GTeZH@mail.ru,READ,2024-09-20 06:13:48
cfLRkASXpiiJT@ya.ru,DELETE,2024-09-20 16:01:07
RssCui@mail.ru,CREATE,2024-09-20 10:20:13
HXiBtspZZahN@mail.ru,DELETE,2024-09-20 10:19:05
cZmhDLeKM@ya.ru,UPDATE,2024-09-20 22:42:37
BYWDBz@ya.ru,CREATE,2024-09-20 01:04:44
RssCui@mail.ru,UPDATE,2024-09-20 01:11:29
SYdPBJbV@gmail.com,CREATE,2024-09-20 09:37:04
HXiBtspZZahN@mail.ru,UPDATE,2024-09-20 10:30:40
SYdPBJbV@gmail.com,READ,2024-09-20 12:32:54
kHpHM@ya.ru,UPDATE,2024-09-20 21:55:11
HXiBtspZZahN@mail.ru,UPDATE,2024-09-20 15:39:28
AjdIjF@mail.ru,CREATE,2024-09-20 06:55:46
GTeZH@mail.ru,CREATE,2024-09-20 10:09:52
cZmhDLeKM@ya.ru,READ,2024-09-20 08:47:57
FEXVfhXnUNAV@mail.ru,READ,2024-09-20 10:06:48
BYWDBz@ya.ru,READ,2024-09-20 16:27:40
AjdIjF@mail.ru,READ,2024-09-20 17:39:37
AjdIjF@mail.ru,UPDATE,2024-09-20 20:25:32
cfLRkASXpiiJT@ya.ru,UPDATE,2024-09-20 10:27:10
GTeZH@mail.ru,READ,2024-09-20 01:20:58
RssCui@mail.ru,DELETE,2024-09-20 03:51:32
cfLRkASXpiiJT@ya.ru,READ,2024-09-20 03:50:03
cfLRkASXpiiJT@ya.ru,UPDATE,2024-09-20 16:35:19
cZmhDLeKM@ya.ru,DELETE,2024-09-20 00:22:07
FEXVfhXnUNAV@mail.ru,CREATE,2024-09-20 16:07:27
cfLRkASXpiiJT@ya.ru,CREATE,2024-09-20 10:27:53
RssCui@mail.ru,DELETE,2024-09-20 07:38:00
cZmhDLeKM@ya.ru,CREATE,2024-09-20 08:02:34
AjdIjF@mail.ru,DELETE,2024-09-20 19:54:50
cZmhDLeKM@ya.ru,DELETE,2024-09-20 21:07:30
cZmhDLeKM@ya.ru,READ,2024-09-20 08:45:13
kHpHM@ya.ru,UPDATE,2024-09-20 15:32:17
AjdIjF@mail.ru,UPDATE,2024-09-20 09:37:18
FEXVfhXnUNAV@mail.ru,UPDATE,2024-09-20 16:44:59
SYdPBJbV@gmail.com,UPDATE,2024-09-20 22:39:14
AjdIjF@mail.ru,UPDATE,2024-09-20 07:49:13
kHpHM@ya.ru,UPDATE,2024-09-20 10:40:06
cZmhDLeKM@ya.ru,CREATE,2024-09-20 08:47:56
cfLRkASXpiiJT@ya.ru,UPDATE,2024-09-20 04:38:50
AjdIjF@mail.ru,DELETE,2024-09-20 04:15:41
GTeZH@mail.ru,READ,2024-09-20 05:50:53
HXiBtspZZahN@mail.ru,CREATE,2024-09-20 14:11:05
FEXVfhXnUNAV@mail.ru,UPDATE,2024-09-20 20:44:08
cfLRkASXpiiJT@ya.ru,DELETE,2024-09-20 14:33:49
kHpHM@ya.ru,CREATE,2024-09-20 01:35:42
AjdIjF@mail.ru,CREATE,2024-09-20 18:34:25
kHpHM@ya.ru,UPDATE,2024-09-20 10:11:05
BYWDBz@ya.ru,DELETE,2024-09-20 16:03:05
HXiBtspZZahN@mail.ru,DELETE,2024-09-20 03:04:06
cZmhDLeKM@ya.ru,UPDATE,2024-09-20 10:43:42
cZmhDLeKM@ya.ru,UPDATE,2024-09-20 03:59:45
FEXVfhXnUNAV@mail.ru,DELETE,2024-09-20 00:19:08
HXiBtspZZahN@mail.ru,DELETE,2024-09-20 06:13:25
BYWDBz@ya.ru,READ,2024-09-20 05:35:07
BYWDBz@ya.ru,CREATE,2024-09-20 18:44:54
AjdIjF@mail.ru,READ,2024-09-20 06:38:09
SYdPBJbV@gmail.com,UPDATE,2024-09-20 22:33:14
cZmhDLeKM@ya.ru,CREATE,2024-09-20 08:41:06
HXiBtspZZahN@mail.ru,DELETE,2024-09-20 16:50:59
cfLRkASXpiiJT@ya.ru,CREATE,2024-09-20 18:44:16
BYWDBz@ya.ru,READ,2024-09-20 03:02:14
SYdPBJbV@gmail.com,UPDATE,2024-09-20 22:30:09
FEXVfhXnUNAV@mail.ru,READ,2024-09-20 01:51:31
HXiBtspZZahN@mail.ru,READ,2024-09-20 18:08:01
RssCui@mail.ru,DELETE,2024-09-20 05:47:56
cfLRkASXpiiJT@ya.ru,READ,2024-09-20 21:09:22
cfLRkASXpiiJT@ya.ru,DELETE,2024-09-20 15:46:05
FEXVfhXnUNAV@mail.ru,DELETE,2024-09-20 00:58:25
RssCui@mail.ru,CREATE,2024-09-20 04:13:43
SYdPBJbV@gmail.com,CREATE,2024-09-20 01:31:56
SYdPBJbV@gmail.com,READ,2024-09-20 17:08:47
cfLRkASXpiiJT@ya.ru,UPDATE,2024-09-20 04:37:43
cZmhDLeKM@ya.ru,DELETE,2024-09-20 08:38:17
FEXVfhXnUNAV@mail.ru,DELETE,2024-09-20 02:13:53
RssCui@mail.ru,UPDATE,2024-09-20 10:17:21
RssCui@mail.ru,DELETE,2024-09-20 06:45:12
AjdIjF@mail.ru,CREATE,2024-09-20 03:56:31
cZmhDLeKM@ya.ru,UPDATE,2024-09-20 06:02:22
SYdPBJbV@gmail.com,DELETE,2024-09-20 20:43:27
RssCui@mail.ru,UPDATE,2024-09-20 02:08:02
FEXVfhXnUNAV@mail.ru,CREATE,2024-09-20 19:43:00
kHpHM@ya.ru,CREATE,2024-09-20 11:27:43
BYWDBz@ya.ru,READ,2024-09-20 09:05:48
BYWDBz@ya.ru,DELETE,2024-09-20 23:29:32
GTeZH@mail.ru,UPDATE,2024-09-20 13:49:54
kHpHM@ya.ru,DELETE,2024-09-20 06:04:16
GTeZH@mail.ru,UPDATE,2024-09-20 13:20:10
AjdIjF@mail.ru,CREATE,2024-09-20 18:07:23
RssCui@mail.ru,UPDATE,2024-09-20 01:37:44
kHpHM@ya.ru,DELETE,2024-09-20 19:29:00
BYWDBz@ya.ru,CREATE,2024-09-20 12:34:01
AjdIjF@mail.ru,READ,2024-09-20 16:17:37
kHpHM@ya.ru,DELETE,2024-09-20 00:36:26
HXiBtspZZahN@mail.ru,UPDATE,2024-09-20 10:10:57
GTeZH@mail.ru,UPDATE,2024-09-20 03:13:05
RssCui@mail.ru,READ,2024-09-20 19:56:28
BYWDBz@ya.ru,READ,2024-09-20 08:13:22
FEXVfhXnUNAV@mail.ru,UPDATE,2024-09-20 09:35:26
RssCui@mail.ru,DELETE,2024-09-20 07:24:41
RssCui@mail.ru,DELETE,2024-09-20 09:40:09
RssCui@mail.ru,READ,2024-09-20 22:45:55
AjdIjF@mail.ru,UPDATE,2024-09-20 10:15:46
RssCui@mail.ru,CREATE,2024-09-20 01:31:02
cZmhDLeKM@ya.ru,DELETE,2024-09-20 10:59:05
cfLRkASXpiiJT@ya.ru,UPDATE,2024-09-20 11:33:25
kHpHM@ya.ru,CREATE,2024-09-20 16:11:47
GTeZH@mail.ru,DELETE,2024-09-20 19:21:05
AjdIjF@mail.ru,UPDATE,2024-09-20 14:48:37
AjdIjF@mail.ru,UPDATE,2024-09-20 17:21:48
HXiBtspZZahN@mail.ru,READ,2024-09-20 01:50:07
SYdPBJbV@gmail.com,DELETE,2024-09-20 16:02:40
BYWDBz@ya.ru,CREATE,2024-09-20 15:13:20
kHpHM@ya.ru,DELETE,2024-09-20 00:52:56
GTeZH@mail.ru,READ,2024-09-20 06:53:16
AjdIjF@mail.ru,CREATE,2024-09-20 09:55:22
HXiBtspZZahN@mail.ru,UPDATE,2024-09-20 15:46:46
cZmhDLeKM@ya.ru,CREATE,2024-09-20 04:46:40
GTeZH@mail.ru,UPDATE,2024-09-20 16:55:56
GTeZH@mail.ru,CREATE,2024-09-20 04:03:30
HXiBtspZZahN@mail.ru,DELETE,2024-09-20 18:56:31
FEXVfhXnUNAV@mail.ru,CREATE,2024-09-20 12:25:43
RssCui@mail.ru,UPDATE,2024-09-20 17:42:34
SYdPBJbV@gmail.com,UPDATE,2024-09-20 21:10:57
kHpHM@ya.ru,UPDATE,2024-09-20 01:06:46
RssCui@mail.ru,READ,2024-09-20 19:14:02
kHpHM@ya.ru,CREATE,2024-09-20 05:52:07
kHpHM@ya.ru,CREATE,2024-09-20 07:33:06
HXiBtspZZahN@mail.ru,UPDATE,2024-09-20 23:52:52
cZmhDLeKM@ya.ru,CREATE,2024-09-20 06:31:35
cZmhDLeKM@ya.ru,READ,2024-09-20 08:09:45
BYWDBz@ya.ru,DELETE,2024-09-20 16:36:19
BYWDBz@ya.ru,UPDATE,2024-09-20 19:54:09
AjdIjF@mail.ru,UPDATE,2024-09-20 13:01:00
FEXVfhXnUNAV@mail.ru,UPDATE,2024-09-20 14:15:14
HXiBtspZZahN@mail.ru,DELETE,2024-09-20 02:04:47
SYdPBJbV@gmail.com,READ,2024-09-20 12:42:44
GTeZH@mail.ru,DELETE,2024-09-20 22:01:58
BYWDBz@ya.ru,UPDATE,2024-09-20 19:19:17
SYdPBJbV@gmail.com,UPDATE,2024-09-20 23:33:27
HXiBtspZZahN@mail.ru,DELETE,2024-09-20 15:00:29
GTeZH@mail.ru,READ,2024-09-20 15:57:06
cfLRkASXpiiJT@ya.ru,DELETE,2024-09-20 23:37:16
cfLRkASXpiiJT@ya.ru,CREATE,2024-09-20 10:38:25
kHpHM@ya.ru,DELETE,2024-09-20 07:01:07
RssCui@mail.ru,READ,2024-09-20 09:52:56
FEXVfhXnUNAV@mail.ru,DELETE,2024-09-20 02:20:29
RssCui@mail.ru,CREATE,2024-09-20 07:57:02
cfLRkASXpiiJT@ya.ru,READ,2024-09-20 08:49:33
SYdPBJbV@gmail.com,DELETE,2024-09-20 21:16:28
AjdIjF@mail.ru,CREATE,2024-09-20 19:45:20
cZmhDLeKM@ya.ru,CREATE,2024-09-20 09:12:42
kHpHM@ya.ru,READ,2024-09-20 11:12:46
GTeZH@mail.ru,READ,2024-09-20 16:09:16
SYdPBJbV@gmail.com,DELETE,2024-09-20 08:25:35
FEXVfhXnUNAV@mail.ru,UPDATE,2024-09-20 08:15:13
kHpHM@ya.ru,DELETE,2024-09-20 12:15:53
BYWDBz@ya.ru,CREATE,2024-09-20 11:23:05
SYdPBJbV@gmail.com,CREATE,2024-09-20 17:25:20
cfLRkASXpiiJT@ya.ru,CREATE,2024-09-20 08:07:35
kHpHM@ya.ru,READ,2024-09-20 12:11:01
GTeZH@mail.ru,DELETE,2024-09-20 11:48:33
cfLRkASXpiiJT@ya.ru,UPDATE,2024-09-20 04:56:00
GTeZH@mail.ru,READ,2024-09-20 16:49:05
RssCui@mail.ru,READ,2024-09-20 01:14:31
BYWDBz@ya.ru,CREATE,2024-09-20 04:18:53
HXiBtspZZahN@mail.ru,UPDATE,2024-09-20 21:50:36
cZmhDLeKM@ya.ru,READ,2024-09-20 23:28:31
cZmhDLeKM@ya.ru,DELETE,2024-09-20 17:14:26
GTeZH@mail.ru,READ,2024-09-20 23:46:57
RssCui@mail.ru,READ,2024-09-20 10:53:21
cfLRkASXpiiJT@ya.ru,DELETE,2024-09-20 18:02:11
cZmhDLeKM@ya.ru,DELETE,2024-09-20 20:27:37
AjdIjF@mail.ru,READ,2024-09-20 12:57:11
GTeZH@mail.ru,UPDATE,2024-09-20 07:47:34
FEXVfhXnUNAV@mail.ru,UPDATE,2024-09-20 00:36:22
GTeZH@mail.ru,UPDATE,2024-09-20 03:53:41
cfLRkASXpiiJT@ya.ru,UPDATE,2024-09-20 20:53:05
BYWDBz@ya.ru,UPDATE,2024-09-20 23:29:23
GTeZH@mail.ru,CREATE,2024-09-20 01:21:15
HXiBtspZZahN@mail.ru,CREATE,2024-09-20 04:55:11
RssCui@mail.ru,DELETE,2024-09-20 14:37:39
AjdIjF@mail.ru,READ,2024-09-20 08:05:24
SYdPBJbV@gmail.com,UPDATE,2024-09-20 06:14:33
SYdPBJbV@gmail.com,READ,2024-09-20 21:23:13
RssCui@mail.ru,DELETE,2024-09-20 07:52:10
HXiBtspZZahN@mail.ru,UPDATE,2024-09-20 09:32:17
kHpHM@ya.ru,CREATE,2024-09-20 15:40:42
SYdPBJbV@gmail.com,CREATE,2024-09-20 07:08:34
GTeZH@mail.ru,CREATE,2024-09-20 04:57:28
BYWDBz@ya.ru,DELETE,2024-09-20 15:37:31
cZmhDLeKM@ya.ru,CREATE,2024-09-20 07:36:24
GTeZH@mail.ru,READ,2024-09-20 03:40:30
BYWDBz@ya.ru,READ,2024-09-20 20:14:18
GTeZH@mail.ru,READ,2024-09-20 13:56:35
kHpHM@ya.ru,READ,2024-09-20 04:00:07
SYdPBJbV@gmail.com,CREATE,2024-09-20 19:14:01
GTeZH@mail.ru,UPDATE,2024-09-20 08:56:22
cfLRkASXpiiJT@ya.ru,READ,2024-09-20 12:07:09
RssCui@mail.ru,DELETE,2024-09-20 17:30:35
cfLRkASXpiiJT@ya.ru,DELETE,2024-09-20 09:23:26
HXiBtspZZahN@mail.ru,CREATE,2024-09-20 02:39:39
kHpHM@ya.ru,CREATE,2024-09-20 20:26:54
HXiBtspZZahN@mail.ru,UPDATE,2024-09-20 22:04:04
GTeZH@mail.ru,DELETE,2024-09-20 02:40:40
BYWDBz@ya.ru,CREATE,2024-09-20 10:29:38
kHpHM@ya.ru,UPDATE,2024-09-20 07:44:17
cZmhDLeKM@ya.ru,DELETE,2024-09-20 13:35:22
HXiBtspZZahN@mail.ru,READ,2024-09-20 19:43:36
RssCui@mail.ru,CREATE,2024-09-20 13:41:48
cZmhDLeKM@ya.ru,CREATE,2024-09-20 01:32:59
kHpHM@ya.ru,CREATE,2024-09-20 15:01:03
HXiBtspZZahN@mail.ru,UPDATE,2024-09-20 06:57:56
HXiBtspZZahN@mail.ru,DELETE,2024-09-20 16:04:01
AjdIjF@mail.ru,CREATE,2024-09-20 22:24:09
cfLRkASXpiiJT@ya.ru,DELETE,2024-09-20 02:14:05
FEXVfhXnUNAV@mail.ru,READ,2024-09-20 08:05:08
kHpHM@ya.ru,UPDATE,2024-09-20 18:49:01
cZmhDLeKM@ya.ru,DELETE,2024-09-20 06:31:35
cZmhDLeKM@ya.ru,UPDATE,2024-09-20 02:32:11
BYWDBz@ya.ru,CREATE,2024-09-20 09:24:12
kHpHM@ya.ru,UPDATE,2024-09-20 11:42:21
GTeZH@mail.ru,UPDATE,2024-09-20 02:49:15
cfLRkASXpiiJT@ya.ru,DELETE,2024-09-20 10:28:26
AjdIjF@mail.ru,UPDATE,2024-09-20 18:04:18
cZmhDLeKM@ya.ru,DELETE,2024-09-20 17:20:15
cZmhDLeKM@ya.ru,CREATE,2024-09-20 15:09:04
RssCui@mail.ru,DELETE,2024-09-20 04:01:53
BYWDBz@ya.ru,CREATE,2024-09-20 17:51:50
SYdPBJbV@gmail.com,DELETE,2024-09-20 02:48:56
kHpHM@ya.ru,CREATE,2024-09-20 02:29:41
AjdIjF@mail.ru,DELETE,2024-09-20 11:28:59
HXiBtspZZahN@mail.ru,DELETE,2024-09-20 17:27:44
BYWDBz@ya.ru,UPDATE,2024-09-20 20:51:23
RssCui@mail.ru,UPDATE,2024-09-20 00:00:13
kHpHM@ya.ru,READ,2024-09-20 06:23:35
RssCui@mail.ru,DELETE,2024-09-20 00:58:56
cfLRkASXpiiJT@ya.ru,UPDATE,2024-09-20 05:30:12
RssCui@mail.ru,READ,2024-09-20 21:22:00
BYWDBz@ya.ru,DELETE,2024-09-20 15:52:48
HXiBtspZZahN@mail.ru,READ,2024-09-20 22:44:12
cfLRkASXpiiJT@ya.ru,READ,2024-09-20 02:33:57
kHpHM@ya.ru,DELETE,2024-09-20 19:25:38
cfLRkASXpiiJT@ya.ru,DELETE,2024-09-20 01:50:29
cZmhDLeKM@ya.ru,READ,2024-09-20 04:04:27
GTeZH@mail.ru,DELETE,2024-09-20 16:37:58
BYWDBz@ya.ru,DELETE,2024-09-20 14:01:50
HXiBtspZZahN@mail.ru,READ,2024-09-20 07:28:06
RssCui@mail.ru,CREATE,2024-09-20 02:47:04
BYWDBz@ya.ru,UPDATE,2024-09-20 20:31:44
FEXVfhXnUNAV@mail.ru,READ,2024-09-20 11:29:49
RssCui@mail.ru,CREATE,2024-09-20 19:59:25
kHpHM@ya.ru,DELETE,2024-09-20 11:36:43
cZmhDLeKM@ya.ru,DELETE,2024-09-20 08:59:19
kHpHM@ya.ru,CREATE,2024-09-20 10:10:03
FEXVfhXnUNAV@mail.ru,DELETE,2024-09-20 13:15:39
HXiBtspZZahN@mail.ru,READ,2024-09-20 23:43:22
RssCui@mail.ru,DELETE,2024-09-20 03:48:04
FEXVfhXnUNAV@mail.ru,READ,2024-09-20 14:37:39
cZmhDLeKM@ya.ru,READ,2024-09-20 00:34:27
cfLRkASXpiiJT@ya.ru,READ,2024-09-20 23:43:47
AjdIjF@mail.ru,READ,2024-09-20 22:23:41
HXiBtspZZahN@mail.ru,DELETE,2024-09-20 12:45:50
cfLRkASXpiiJT@ya.ru,CREATE,2024-09-20 03:42:38
FEXVfhXnUNAV@mail.ru,CREATE,2024-09-20 18:02:22
cfLRkASXpiiJT@ya.ru,READ,2024-09-20 03:07:15
HXiBtspZZahN@mail.ru,CREATE,2024-09-20 09:42:47
cZmhDLeKM@ya.ru,UPDATE,2024-09-20 20:39:32
SYdPBJbV@gmail.com,READ,2024-09-20 19:34:39
BYWDBz@ya.ru,UPDATE,2024-09-20 19:51:37
HXiBtspZZahN@mail.ru,READ,2024-09-20 02:03:49
GTeZH@mail.ru,DELETE,2024-09-20 16:23:30
kHpHM@ya.ru,DELETE,2024-09-20 15:33:21
cZmhDLeKM@ya.ru,READ,2024-09-20 20:02:34
cfLRkASXpiiJT@ya.ru,DELETE,2024-09-20 03:33:33
RssCui@mail.ru,CREATE,2024-09-20 21:56:53
SYdPBJbV@gmail.com,UPDATE,2024-09-20 05:33:07
kHpHM@ya.ru,UPDATE,2024-09-20 09:30:58
HXiBtspZZahN@mail.ru,UPDATE,2024-09-20 23:43:09
GTeZH@mail.ru,DELETE,2024-09-20 22:55:35
kHpHM@ya.ru,CREATE,2024-09-20 09:25:46
HXiBtspZZahN@mail.ru,UPDATE,2024-09-20 23:45:59
HXiBtspZZahN@mail.ru,READ,2024-09-20 21:04:03
cfLRkASXpiiJT@ya.ru,DELETE,2024-09-20 03:47:35
FEXVfhXnUNAV@mail.ru,UPDATE,2024-09-20 12:06:48
GTeZH@mail.ru,DELETE,2024-09-20 20:32:10
RssCui@mail.ru,CREATE,2024-09-20 22:42:29
kHpHM@ya.ru,DELETE,2024-09-20 02:48:49
AjdIjF@mail.ru,READ,2024-09-20 05:30:22
SYdPBJbV@gmail.com,DELETE,2024-09-20 18:36:44
cZmhDLeKM@ya.ru,CREATE,2024-09-20 20:20:12
kHpHM@ya.ru,CREATE,2024-09-20 19:38:12
SYdPBJbV@gmail.com,READ,2024-09-20 23:24:04
kHpHM@ya.ru,UPDATE,2024-09-20 09:25:36
kHpHM@ya.ru,DELETE,2024-09-20 15:02:26
GTeZH@mail.ru,DELETE,2024-09-20 13:44:56
cfLRkASXpiiJT@ya.ru,UPDATE,2024-09-20 07:06:24
cfLRkASXpiiJT@ya.ru,READ,2024-09-20 14:22:13
FEXVfhXnUNAV@mail.ru,CREATE,2024-09-20 13:03:51
RssCui@mail.ru,DELETE,2024-09-20 11:39:11
cZmhDLeKM@ya.ru,UPDATE,2024-09-20 11:39:34
SYdPBJbV@gmail.com,CREATE,2024-09-20 05:04:21
FEXVfhXnUNAV@mail.ru,DELETE,2024-09-20 08:29:46
AjdIjF@mail.ru,DELETE,2024-09-20 23:50:37
cfLRkASXpiiJT@ya.ru,CREATE,2024-09-20 13:18:24
cfLRkASXpiiJT@ya.ru,READ,2024-09-20 01:28:53
HXiBtspZZahN@mail.ru,UPDATE,2024-09-20 15:57:02
kHpHM@ya.ru,DELETE,2024-09-20 17:42:31
AjdIjF@mail.ru,CREATE,2024-09-20 04:49:58
cZmhDLeKM@ya.ru,UPDATE,2024-09-20 00:42:04
RssCui@mail.ru,UPDATE,2024-09-20 08:22:59
cfLRkASXpiiJT@ya.ru,DELETE,2024-09-20 21:59:37
FEXVfhXnUNAV@mail.ru,DELETE,2024-09-20 13:58:49
BYWDBz@ya.ru,DELETE,2024-09-20 16:31:21
cZmhDLeKM@ya.ru,DELETE,2024-09-20 06:52:24
FEXVfhXnUNAV@mail.ru,CREATE,2024-09-20 20:44:25
GTeZH@mail.ru,READ,2024-09-20 08:47:50
BYWDBz@ya.ru,READ,2024-09-20 20:10:55
HXiBtspZZahN@mail.ru,DELETE,2024-09-20 18:21:59
kHpHM@ya.ru,READ,2024-09-20 02:05:32
cfLRkASXpiiJT@ya.ru,DELETE,2024-09-20 18:46:59
cfLRkASXpiiJT@ya.ru,CREATE,2024-09-20 07:48:47
HXiBtspZZahN@mail.ru,READ,2024-09-20 00:08:13
AjdIjF@mail.ru,CREATE,2024-09-20 00:35:36
FEXVfhXnUNAV@mail.ru,DELETE,2024-09-20 07:09:14
cZmhDLeKM@ya.ru,CREATE,2024-09-20 03:17:00
RssCui@mail.ru,DELETE,2024-09-20 10:25:54
cfLRkASXpiiJT@ya.ru,READ,2024-09-20 23:47:24
kHpHM@ya.ru,CREATE,2024-09-20 19:56:57
GTeZH@mail.ru,UPDATE,2024-09-20 09:29:51
cfLRkASXpiiJT@ya.ru,DELETE,2024-09-20 06:59:58
kHpHM@ya.ru,READ,2024-09-20 14:28:37
AjdIjF@mail.ru,UPDATE,2024-09-20 08:49:50
GTeZH@mail.ru,READ,2024-09-20 08:11:55
kHpHM@ya.ru,UPDATE,2024-09-20 09:39:38
RssCui@mail.ru,UPDATE,2024-09-20 06:37:21
HXiBtspZZahN@mail.ru,DELETE,2024-09-20 00:33:53
HXiBtspZZahN@mail.ru,DELETE,2024-09-20 09:03:06
HXiBtspZZahN@mail.ru,READ,2024-09-20 11:40:48
BYWDBz@ya.ru,UPDATE,2024-09-20 03:34:08
SYdPBJbV@gmail.com,CREATE,2024-09-20 06:45:56
cfLRkASXpiiJT@ya.ru,READ,2024-09-20 01:10:31
kHpHM@ya.ru,DELETE,2024-09-20 11:18:47
BYWDBz@ya.ru,CREATE,2024-09-20 21:38:56
GTeZH@mail.ru,DELETE,2024-09-20 04:18:57
GTeZH@mail.ru,CREATE,2024-09-20 15:12:37
kHpHM@ya.ru,READ,2024-09-20 09:40:36
BYWDBz@ya.ru,CREATE,2024-09-20 08:50:36
cfLRkASXpiiJT@ya.ru,DELETE,2024-09-20 12:57:15
FEXVfhXnUNAV@mail.ru,CREATE,2024-09-20 04:44:36
kHpHM@ya.ru,DELETE,2024-09-20 18:48:38
AjdIjF@mail.ru,CREATE,2024-09-20 21:14:49
RssCui@mail.ru,READ,2024-09-20 14:46:01
kHpHM@ya.ru,READ,2024-09-20 02:54:54
FEXVfhXnUNAV@mail.ru,READ,2024-09-20 05:23:04
GTeZH@mail.ru,DELETE,2024-09-20 03:59:49
cZmhDLeKM@ya.ru,READ,2024-09-20 10:34:15
AjdIjF@mail.ru,DELETE,2024-09-20 23:22:59
cfLRkASXpiiJT@ya.ru,UPDATE,2024-09-20 09:04:01
GTeZH@mail.ru,READ,2024-09-20 07:02:31
cZmhDLeKM@ya.ru,DELETE,2024-09-20 02:28:47
BYWDBz@ya.ru,CREATE,2024-09-20 10:57:26
RssCui@mail.ru,READ,2024-09-20 05:38:08
kHpHM@ya.ru,CREATE,2024-09-20 20:02:53
RssCui@mail.ru,UPDATE,2024-09-20 14:20:56
cZmhDLeKM@ya.ru,READ,2024-09-20 11:08:23
FEXVfhXnUNAV@mail.ru,READ,2024-09-20 18:23:55
kHpHM@ya.ru,UPDATE,2024-09-20 12:49:39
cZmhDLeKM@ya.ru,UPDATE,2024-09-20 16:18:48
GTeZH@mail.ru,DELETE,2024-09-20 09:29:23
SYdPBJbV@gmail.com,CREATE,2024-09-20 23:46:53
SYdPBJbV@gmail.com,DELETE,2024-09-20 20:34:57
BYWDBz@ya.ru,CREATE,2024-09-20 02:35:31
HXiBtspZZahN@mail.ru,UPDATE,2024-09-20 22:08:56
FEXVfhXnUNAV@mail.ru,DELETE,2024-09-20 10:07:32
SYdPBJbV@gmail.com,DELETE,2024-09-20 15:36:26
RssCui@mail.ru,READ,2024-09-20 02:00:55
BYWDBz@ya.ru,UPDATE,2024-09-20 11:46:56
cZmhDLeKM@ya.ru,READ,2024-09-20 03:41:14
AjdIjF@mail.ru,DELETE,2024-09-20 05:26:50
GTeZH@mail.ru,DELETE,2024-09-20 16:19:04
AjdIjF@mail.ru,UPDATE,2024-09-20 07:23:11
GTeZH@mail.ru,DELETE,2024-09-20 11:37:53
BYWDBz@ya.ru,UPDATE,2024-09-20 09:03:08
RssCui@mail.ru,CREATE,2024-09-20 10:33:00
HXiBtspZZahN@mail.ru,CREATE,2024-09-20 02:14:03
SYdPBJbV@gmail.com,READ,2024-09-20 20:13:50
RssCui@mail.ru,UPDATE,2024-09-20 14:59:43
kHpHM@ya.ru,CREATE,2024-09-20 01:02:25
GTeZH@mail.ru,CREATE,2024-09-20 09:39:25
RssCui@mail.ru,CREATE,2024-09-20 01:57:25
cfLRkASXpiiJT@ya.ru,UPDATE,2024-09-20 07:39:18
AjdIjF@mail.ru,UPDATE,2024-09-20 17:02:36
SYdPBJbV@gmail.com,READ,2024-09-20 12:35:15
RssCui@mail.ru,CREATE,2024-09-20 04:11:54
kHpHM@ya.ru,UPDATE,2024-09-20 04:37:14
BYWDBz@ya.ru,READ,2024-09-20 05:04:11
FEXVfhXnUNAV@mail.ru,UPDATE,2024-09-20 06:30:49
RssCui@mail.ru,CREATE,2024-09-20 20:34:36
AjdIjF@mail.ru,CREATE,2024-09-20 14:17:01
FEXVfhXnUNAV@mail.ru,DELETE,2024-09-20 19:35:14
HXiBtspZZahN@mail.ru,CREATE,2024-09-20 23:55:15
GTeZH@mail.ru,UPDATE,2024-09-20 02:36:33
FEXVfhXnUNAV@mail.ru,READ,2024-09-20 15:52:22
GTeZH@mail.ru,DELETE,2024-09-20 18:29:05
AjdIjF@mail.ru,CREATE,2024-09-20 12:17:15
AjdIjF@mail.ru,UPDATE,2024-09-20 06:31:41
BYWDBz@ya.ru,READ,2024-09-20 17:02:06
RssCui@mail.ru,CREATE,2024-09-20 16:05:38
cfLRkASXpiiJT@ya.ru,READ,2024-09-20 22:50:36
kHpHM@ya.ru,UPDATE,2024-09-20 23:34:06
cfLRkASXpiiJT@ya.ru,READ,2024-09-20 16:13:14
cZmhDLeKM@ya.ru,READ,2024-09-20 22:00:12
SYdPBJbV@gmail.com,READ,2024-09-20 19:27:16
SYdPBJbV@gmail.com,UPDATE,2024-09-20 20:49:30
BYWDBz@ya.ru,READ,2024-09-20 04:55:10
BYWDBz@ya.ru,READ,2024-09-20 19:14:36
cfLRkASXpiiJT@ya.ru,CREATE,2024-09-20 12:30:14
HXiBtspZZahN@mail.ru,DELETE,2024-09-20 06:52:24
BYWDBz@ya.ru,CREATE,2024-09-20 18:32:39
SYdPBJbV@gmail.com,UPDATE,2024-09-20 15:32:03
GTeZH@mail.ru,UPDATE,2024-09-20 19:22:36
kHpHM@ya.ru,UPDATE,2024-09-20 11:05:11
GTeZH@mail.ru,READ,2024-09-20 18:03:32
FEXVfhXnUNAV@mail.ru,UPDATE,2024-09-20 12:06:42
RssCui@mail.ru,CREATE,2024-09-20 22:46:39
kHpHM@ya.ru,UPDATE,2024-09-20 08:31:26
kHpHM@ya.ru,READ,2024-09-20 13:13:11
kHpHM@ya.ru,DELETE,2024-09-20 02:20:38
cfLRkASXpiiJT@ya.ru,CREATE,2024-09-20 16:26:15
kHpHM@ya.ru,CREATE,2024-09-20 02:57:50
cZmhDLeKM@ya.ru,UPDATE,2024-09-20 20:06:29
cfLRkASXpiiJT@ya.ru,CREATE,2024-09-20 23:32:30
HXiBtspZZahN@mail.ru,UPDATE,2024-09-20 02:35:16
BYWDBz@ya.ru,UPDATE,2024-09-20 23:38:00
GTeZH@mail.ru,READ,2024-09-20 18:39:39
SYdPBJbV@gmail.com,READ,2024-09-20 17:19:58
HXiBtspZZahN@mail.ru,UPDATE,2024-09-20 13:39:06
SYdPBJbV@gmail.com,UPDATE,2024-09-20 18:54:32
HXiBtspZZahN@mail.ru,UPDATE,2024-09-20 10:07:51
GTeZH@mail.ru,READ,2024-09-20 08:35:57
BYWDBz@ya.ru,CREATE,2024-09-20 16:14:56
AjdIjF@mail.ru,READ,2024-09-20 12:43:05
RssCui@mail.ru,CREATE,2024-09-20 10:04:58
BYWDBz@ya.ru,READ,2024-09-20 02:37:18
AjdIjF@mail.ru,UPDATE,2024-09-20 12:07:05
RssCui@mail.ru,READ,2024-09-20 07:39:02
cZmhDLeKM@ya.ru,READ,2024-09-20 11:35:57
kHpHM@ya.ru,CREATE,2024-09-20 06:42:36
GTeZH@mail.ru,UPDATE,2024-09-20 08:39:34
kHpHM@ya.ru,CREATE,2024-09-20 19:39:31
SYdPBJbV@gmail.com,DELETE,2024-09-20 23:02:34
FEXVfhXnUNAV@mail.ru,CREATE,2024-09-20 08:25:46
RssCui@mail.ru,UPDATE,2024-09-20 20:18:43
kHpHM@ya.ru,CREATE,2024-09-20 02:41:03
cfLRkASXpiiJT@ya.ru,CREATE,2024-09-20 18:08:14
AjdIjF@mail.ru,DELETE,2024-09-20 07:59:45
SYdPBJbV@gmail.com,UPDATE,2024-09-20 17:54:24
BYWDBz@ya.ru,CREATE,2024-09-20 11:30:26
RssCui@mail.ru,DELETE,2024-09-20 16:38:42
kHpHM@ya.ru,UPDATE,2024-09-20 08:12:40
FEXVfhXnUNAV@mail.ru,UPDATE,2024-09-20 12:53:23
SYdPBJbV@gmail.com,READ,2024-09-20 11:22:09
FEXVfhXnUNAV@mail.ru,DELETE,2024-09-20 20:59:01
RssCui@mail.ru,DELETE,2024-09-20 23:04:14
cZmhDLeKM@ya.ru,READ,2024-09-20 01:14:47
AjdIjF@mail.ru,READ,2024-09-20 23:29:09
HXiBtspZZahN@mail.ru,CREATE,2024-09-20 19:47:36
cZmhDLeKM@ya.ru,READ,2024-09-20 23:32:54
BYWDBz@ya.ru,UPDATE,2024-09-20 03:04:42
HXiBtspZZahN@mail.ru,CREATE,2024-09-20 09:48:36
HXiBtspZZahN@mail.ru,UPDATE,2024-09-20 05:28:01
cfLRkASXpiiJT@ya.ru,UPDATE,2024-09-20 03:22:49
BYWDBz@ya.ru,READ,2024-09-20 14:54:38
AjdIjF@mail.ru,UPDATE,2024-09-20 07:28:35
AjdIjF@mail.ru,DELETE,2024-09-20 17:58:18
FEXVfhXnUNAV@mail.ru,UPDATE,2024-09-20 07:15:18
GTeZH@mail.ru,CREATE,2024-09-20 18:17:04
HXiBtspZZahN@mail.ru,UPDATE,2024-09-20 20:40:45
AjdIjF@mail.ru,READ,2024-09-20 15:52:20
SYdPBJbV@gmail.com,UPDATE,2024-09-20 03:54:54
cfLRkASXpiiJT@ya.ru,CREATE,2024-09-20 19:47:53
GTeZH@mail.ru,READ,2024-09-20 08:02:40
cZmhDLeKM@ya.ru,UPDATE,2024-09-20 01:30:35
RssCui@mail.ru,UPDATE,2024-09-20 15:48:43
HXiBtspZZahN@mail.ru,CREATE,2024-09-20 22:18:24
HXiBtspZZahN@mail.ru,READ,2024-09-20 03:08:44
cfLRkASXpiiJT@ya.ru,UPDATE,2024-09-20 05:01:04
FEXVfhXnUNAV@mail.ru,DELETE,2024-09-20 21:17:59
HXiBtspZZahN@mail.ru,DELETE,2024-09-20 19:24:19
SYdPBJbV@gmail.com,DELETE,2024-09-20 19:27:44
SYdPBJbV@gmail.com,CREATE,2024-09-20 02:29:25
BYWDBz@ya.ru,DELETE,2024-09-20 23:20:36
cZmhDLeKM@ya.ru,CREATE,2024-09-20 02:30:40
RssCui@mail.ru,READ,2024-09-20 00:48:22
GTeZH@mail.ru,UPDATE,2024-09-20 03:11:17
HXiBtspZZahN@mail.ru,UPDATE,2024-09-20 07:46:23
cZmhDLeKM@ya.ru,READ,2024-09-20 17:08:11
AjdIjF@mail.ru,CREATE,2024-09-20 00:00:14
HXiBtspZZahN@mail.ru,UPDATE,2024-09-20 00:10:45
RssCui@mail.ru,READ,2024-09-20 06:45:06
cfLRkASXpiiJT@ya.ru,UPDATE,2024-09-20 13:58:23
GTeZH@mail.ru,DELETE,2024-09-20 19:45:27
BYWDBz@ya.ru,UPDATE,2024-09-20 06:02:37
cfLRkASXpiiJT@ya.ru,UPDATE,2024-09-20 06:51:53
cfLRkASXpiiJT@ya.ru,DELETE,2024-09-20 12:11:56
cfLRkASXpiiJT@ya.ru,DELETE,2024-09-20 10:24:18
BYWDBz@ya.ru,DELETE,2024-09-20 23:48:11
cZmhDLeKM@ya.ru,UPDATE,2024-09-20 10:31:42
kHpHM@ya.ru,DELETE,2024-09-20 12:33:33
AjdIjF@mail.ru,READ,2024-09-20 04:08:40
cfLRkASXpiiJT@ya.ru,READ,2024-09-20 05:10:21
HXiBtspZZahN@mail.ru,READ,2024-09-20 18:58:50
HXiBtspZZahN@mail.ru,UPDATE,2024-09-20 00:55:30
cZmhDLeKM@ya.ru,DELETE,2024-09-20 21:04:08
kHpHM@ya.ru,CREATE,2024-09-20 07:39:18
HXiBtspZZahN@mail.ru,READ,2024-09-20 16:42:03
FEXVfhXnUNAV@mail.ru,CREATE,2024-09-20 08:39:52
GTeZH@mail.ru,DELETE,2024-09-20 22:07:31
cfLRkASXpiiJT@ya.ru,DELETE,2024-09-20 04:40:57
RssCui@mail.ru,UPDATE,2024-09-20 15:46:08
kHpHM@ya.ru,CREATE,2024-09-20 18:34:03
cfLRkASXpiiJT@ya.ru,UPDATE,2024-09-20 00:24:19
AjdIjF@mail.ru,READ,2024-09-20 19:34:01
AjdIjF@mail.ru,DELETE,2024-09-20 23:42:13
HXiBtspZZahN@mail.ru,READ,2024-09-20 05:34:49
kHpHM@ya.ru,CREATE,2024-09-20 09:49:54
RssCui@mail.ru,READ,2024-09-20 19:30:00
AjdIjF@mail.ru,DELETE,2024-09-20 15:10:32
RssCui@mail.ru,READ,2024-09-20 10:22:04
cfLRkASXpiiJT@ya.ru,CREATE,2024-09-20 10:21:42
cfLRkASXpiiJT@ya.ru,READ,2024-09-20 10:39:36
cZmhDLeKM@ya.ru,UPDATE,2024-09-20 16:25:21
AjdIjF@mail.ru,UPDATE,2024-09-20 06:21:52
FEXVfhXnUNAV@mail.ru,DELETE,2024-09-20 05:47:26
kHpHM@ya.ru,DELETE,2024-09-20 12:39:55
FEXVfhXnUNAV@mail.ru,READ,2024-09-20 04:35:55
cfLRkASXpiiJT@ya.ru,CREATE,2024-09-20 05:14:20
GTeZH@mail.ru,CREATE,2024-09-20 11:35:54
BYWDBz@ya.ru,UPDATE,2024-09-20 19:12:51
HXiBtspZZahN@mail.ru,CREATE,2024-09-20 01:11:34
BYWDBz@ya.ru,READ,2024-09-20 02:44:53
cfLRkASXpiiJT@ya.ru,DELETE,2024-09-20 20:15:05
GTeZH@mail.ru,READ,2024-09-20 10:43:18
cfLRkASXpiiJT@ya.ru,UPDATE,2024-09-20 05:36:49
GTeZH@mail.ru,CREATE,2024-09-20 19:18:52
RssCui@mail.ru,CREATE,2024-09-20 03:36:23
AjdIjF@mail.ru,READ,2024-09-20 11:33:55
GTeZH@mail.ru,UPDATE,2024-09-20 15:54:51
kHpHM@ya.ru,DELETE,2024-09-20 04:39:21
BYWDBz@ya.ru,CREATE,2024-09-20 03:33:23
cZmhDLeKM@ya.ru,DELETE,2024-09-20 04:09:46
cfLRkASXpiiJT@ya.ru,UPDATE,2024-09-20 07:40:09
kHpHM@ya.ru,CREATE,2024-09-20 11:02:22
GTeZH@mail.ru,DELETE,2024-09-20 00:27:21
AjdIjF@mail.ru,CREATE,2024-09-20 12:59:35
AjdIjF@mail.ru,READ,2024-09-20 06:29:07
FEXVfhXnUNAV@mail.ru,DELETE,2024-09-20 21:48:58
AjdIjF@mail.ru,DELETE,2024-09-20 20:56:36
kHpHM@ya.ru,READ,2024-09-20 16:06:48
kHpHM@ya.ru,READ,2024-09-20 23:43:17
RssCui@mail.ru,READ,2024-09-20 21:20:50
AjdIjF@mail.ru,CREATE,2024-09-20 08:31:27
RssCui@mail.ru,UPDATE,2024-09-20 00:39:00
GTeZH@mail.ru,DELETE,2024-09-20 23:54:50
BYWDBz@ya.ru,DELETE,2024-09-20 20:10:53
cZmhDLeKM@ya.ru,READ,2024-09-20 03:19:03
cfLRkASXpiiJT@ya.ru,READ,2024-09-20 22:29:12
SYdPBJbV@gmail.com,DELETE,2024-09-20 06:40:21
GTeZH@mail.ru,CREATE,2024-09-20 15:02:13
cZmhDLeKM@ya.ru,READ,2024-09-20 08:45:54
HXiBtspZZahN@mail.ru,UPDATE,2024-09-20 20:14:45
GTeZH@mail.ru,UPDATE,2024-09-20 03:09:30
HXiBtspZZahN@mail.ru,READ,2024-09-20 14:43:11
AjdIjF@mail.ru,CREATE,2024-09-20 09:41:02
HXiBtspZZahN@mail.ru,UPDATE,2024-09-20 11:54:00
cfLRkASXpiiJT@ya.ru,DELETE,2024-09-20 14:25:26
cfLRkASXpiiJT@ya.ru,CREATE,2024-09-20 13:19:55
BYWDBz@ya.ru,CREATE,2024-09-20 13:44:31
cZmhDLeKM@ya.ru,CREATE,2024-09-20 00:20:59
RssCui@mail.ru,CREATE,2024-09-20 22:25:23
HXiBtspZZahN@mail.ru,UPDATE,2024-09-20 20:36:34
AjdIjF@mail.ru,CREATE,2024-09-20 20:32:46
GTeZH@mail.ru,UPDATE,2024-09-20 02:31:27
HXiBtspZZahN@mail.ru,CREATE,2024-09-20 15:29:25
RssCui@mail.ru,READ,2024-09-20 23:34:57
cZmhDLeKM@ya.ru,READ,2024-09-20 05:10:08
GTeZH@mail.ru,READ,2024-09-20 09:36:11
cfLRkASXpiiJT@ya.ru,READ,2024-09-20 18:37:09
BYWDBz@ya.ru,READ,2024-09-20 12:23:06
kHpHM@ya.ru,CREATE,2024-09-20 22:49:17
HXiBtspZZahN@mail.ru,DELETE,2024-09-20 00:38:33
BYWDBz@ya.ru,UPDATE,2024-09-20 18:55:33
AjdIjF@mail.ru,UPDATE,2024-09-20 08:20:49
SYdPBJbV@gmail.com,UPDATE,2024-09-20 03:39:46
FEXVfhXnUNAV@mail.ru,CREATE,2024-09-20 12:20:31
FEXVfhXnUNAV@mail.ru,UPDATE,2024-09-20 08:16:50
RssCui@mail.ru,READ,2024-09-20 06:03:39
kHpHM@ya.ru,DELETE,2024-09-20 22:46:13
BYWDBz@ya.ru,UPDATE,2024-09-20 23:54:05
cZmhDLeKM@ya.ru,CREATE,2024-09-20 14:34:21
RssCui@mail.ru,READ,2024-09-20 10:52:13
AjdIjF@mail.ru,READ,2024-09-20 01:25:06
AjdIjF@mail.ru,DELETE,2024-09-20 07:51:49
FEXVfhXnUNAV@mail.ru,DELETE,2024-09-20 13:44:14
kHpHM@ya.ru,UPDATE,2024-09-20 06:54:25
kHpHM@ya.ru,DELETE,2024-09-20 08:36:15
FEXVfhXnUNAV@mail.ru,READ,2024-09-20 22:09:35
FEXVfhXnUNAV@mail.ru,UPDATE,2024-09-20 04:03:09
cfLRkASXpiiJT@ya.ru,DELETE,2024-09-20 21:09:46
BYWDBz@ya.ru,DELETE,2024-09-20 08:31:02
cZmhDLeKM@ya.ru,READ,2024-09-20 09:56:38
AjdIjF@mail.ru,DELETE,2024-09-20 14:00:01
SYdPBJbV@gmail.com,DELETE,2024-09-20 01:29:08
cfLRkASXpiiJT@ya.ru,CREATE,2024-09-20 14:00:58
AjdIjF@mail.ru,DELETE,2024-09-20 02:29:50
kHpHM@ya.ru,DELETE,2024-09-20 02:13:56
BYWDBz@ya.ru,CREATE,2024-09-20 04:52:24
AjdIjF@mail.ru,CREATE,2024-09-20 11:43:19
RssCui@mail.ru,UPDATE,2024-09-20 14:48:18
AjdIjF@mail.ru,CREATE,2024-09-20 16:22:41
cfLRkASXpiiJT@ya.ru,UPDATE,2024-09-20 17:13:39
cfLRkASXpiiJT@ya.ru,CREATE,2024-09-20 21:19:36
BYWDBz@ya.ru,DELETE,2024-09-20 03:26:02
AjdIjF@mail.ru,UPDATE,2024-09-20 15:47:23
cZmhDLeKM@ya.ru,READ,2024-09-20 17:13:11
AjdIjF@mail.ru,READ,2024-09-20 11:14:11
FEXVfhXnUNAV@mail.ru,DELETE,2024-09-20 07:05:53
cZmhDLeKM@ya.ru,UPDATE,2024-09-20 01:48:01
SYdPBJbV@gmail.com,UPDATE,2024-09-20 10:24:51
HXiBtspZZahN@mail.ru,UPDATE,2024-09-20 12:26:24
BYWDBz@ya.ru,CREATE,2024-09-20 22:20:51
kHpHM@ya.ru,UPDATE,2024-09-20 22:20:43
RssCui@mail.ru,UPDATE,2024-09-20 12:02:25
GTeZH@mail.ru,UPDATE,2024-09-20 22:27:24
RssCui@mail.ru,CREATE,2024-09-20 16:43:46
SYdPBJbV@gmail.com,UPDATE,2024-09-20 05:04:57
AjdIjF@mail.ru,READ,2024-09-20 13:56:37
cZmhDLeKM@ya.ru,READ,2024-09-20 14:01:43
GTeZH@mail.ru,READ,2024-09-20 19:32:48
RssCui@mail.ru,CREATE,2024-09-20 14:50:26
GTeZH@mail.ru,READ,2024-09-20 07:30:03
BYWDBz@ya.ru,CREATE,2024-09-20 14:49:39
SYdPBJbV@gmail.com,DELETE,2024-09-20 02:16:34
GTeZH@mail.ru,CREATE,2024-09-20 13:25:21
cfLRkASXpiiJT@ya.ru,UPDATE,2024-09-20 11:37:49
GTeZH@mail.ru,DELETE,2024-09-20 07:48:26
AjdIjF@mail.ru,CREATE,2024-09-20 15:22:49
BYWDBz@ya.ru,CREATE,2024-09-20 00:18:06
RssCui@mail.ru,CREATE,2024-09-20 09:48:41
GTeZH@mail.ru,DELETE,2024-09-20 23:24:58
BYWDBz@ya.ru,UPDATE,2024-09-20 04:12:20
GTeZH@mail.ru,DELETE,2024-09-20 17:24:33
GTeZH@mail.ru,UPDATE,2024-09-20 12:56:55
FEXVfhXnUNAV@mail.ru,UPDATE,2024-09-20 14:43:02
kHpHM@ya.ru,UPDATE,2024-09-20 07:45:44
RssCui@mail.ru,DELETE,2024-09-20 00:10:43
GTeZH@mail.ru,READ,2024-09-20 03:07:30
AjdIjF@mail.ru,READ,2024-09-20 15:49:27
FEXVfhXnUNAV@mail.ru,CREATE,2024-09-20 22:19:58
GTeZH@mail.ru,DELETE,2024-09-20 14:07:33
GTeZH@mail.ru,DELETE,2024-09-20 08:12:46
RssCui@mail.ru,DELETE,2024-09-20 19:48:43
FEXVfhXnUNAV@mail.ru,DELETE,2024-09-20 16:16:33
kHpHM@ya.ru,READ,2024-09-20 11:22:12
FEXVfhXnUNAV@mail.ru,DELETE,2024-09-20 06:06:04
FEXVfhXnUNAV@mail.ru,READ,2024-09-20 22:29:29
FEXVfhXnUNAV@mail.ru,UPDATE,2024-09-20 10:29:45
kHpHM@ya.ru,UPDATE,2024-09-20 18:59:29
RssCui@mail.ru,CREATE,2024-09-20 15:08:47
HXiBtspZZahN@mail.ru,UPDATE,2024-09-20 02:28:18
AjdIjF@mail.ru,READ,2024-09-20 16:55:37
AjdIjF@mail.ru,DELETE,2024-09-20 11:48:41
BYWDBz@ya.ru,READ,2024-09-20 19:00:04
BYWDBz@ya.ru,CREATE,2024-09-20 22:20:40
RssCui@mail.ru,READ,2024-09-20 23:36:16
BYWDBz@ya.ru,READ,2024-09-20 13:05:07
SYdPBJbV@gmail.com,CREATE,2024-09-20 01:02:23
cZmhDLeKM@ya.ru,UPDATE,2024-09-20 03:45:10
kHpHM@ya.ru,CREATE,2024-09-20 13:26:09
cfLRkASXpiiJT@ya.ru,READ,2024-09-20 13:35:52
SYdPBJbV@gmail.com,READ,2024-09-20 15:24:55
RssCui@mail.ru,UPDATE,2024-09-20 01:29:59
FEXVfhXnUNAV@mail.ru,READ,2024-09-20 04:33:44
GTeZH@mail.ru,UPDATE,2024-09-20 17:39:10
GTeZH@mail.ru,READ,2024-09-20 18:02:07
BYWDBz@ya.ru,READ,2024-09-20 01:25:07
FEXVfhXnUNAV@mail.ru,CREATE,2024-09-20 13:14:09
SYdPBJbV@gmail.com,UPDATE,2024-09-20 22:11:37
cfLRkASXpiiJT@ya.ru,CREATE,2024-09-20 23:50:11
FEXVfhXnUNAV@mail.ru,DELETE,2024-09-20 15:27:21
kHpHM@ya.ru,CREATE,2024-09-20 12:00:02
cZmhDLeKM@ya.ru,UPDATE,2024-09-20 15:11:28
cfLRkASXpiiJT@ya.ru,UPDATE,2024-09-20 22:08:30
FEXVfhXnUNAV@mail.ru,CREATE,2024-09-20 07:17:55
AjdIjF@mail.ru,CREATE,2024-09-20 04:27:21
BYWDBz@ya.ru,UPDATE,2024-09-20 03:03:32
FEXVfhXnUNAV@mail.ru,DELETE,2024-09-20 01:03:24
AjdIjF@mail.ru,READ,2024-09-20 03:49:52
cfLRkASXpiiJT@ya.ru,UPDATE,2024-09-20 14:21:18
RssCui@mail.ru,DELETE,2024-09-20 00:25:39
cZmhDLeKM@ya.ru,READ,2024-09-20 01:11:29
RssCui@mail.ru,UPDATE,2024-09-20 08:44:32
SYdPBJbV@gmail.com,CREATE,2024-09-20 15:43:29
kHpHM@ya.ru,READ,2024-09-20 22:53:30
HXiBtspZZahN@mail.ru,DELETE,2024-09-20 06:27:26
kHpHM@ya.ru,DELETE,2024-09-20 02:17:49
FEXVfhXnUNAV@mail.ru,UPDATE,2024-09-20 11:18:03
FEXVfhXnUNAV@mail.ru,DELETE,2024-09-20 19:26:28
kHpHM@ya.ru,DELETE,2024-09-20 02:43:14
FEXVfhXnUNAV@mail.ru,READ,2024-09-20 09:42:03
HXiBtspZZahN@mail.ru,UPDATE,2024-09-20 19:13:46
cfLRkASXpiiJT@ya.ru,READ,2024-09-20 06:51:20
FEXVfhXnUNAV@mail.ru,UPDATE,2024-09-20 00:55:14
HXiBtspZZahN@mail.ru,UPDATE,2024-09-20 06:31:22
RssCui@mail.ru,READ,2024-09-20 18:55:24
AjdIjF@mail.ru,READ,2024-09-20 16:24:33
AjdIjF@mail.ru,DELETE,2024-09-20 04:59:57
GTeZH@mail.ru,CREATE,2024-09-20 20:40:58
SYdPBJbV@gmail.com,READ,2024-09-20 15:36:34
cZmhDLeKM@ya.ru,UPDATE,2024-09-20 20:44:20
kHpHM@ya.ru,DELETE,2024-09-20 18:38:53
BYWDBz@ya.ru,CREATE,2024-09-20 19:05:16
FEXVfhXnUNAV@mail.ru,CREATE,2024-09-20 06:31:35
AjdIjF@mail.ru,DELETE,2024-09-20 21:47:53
SYdPBJbV@gmail.com,DELETE,2024-09-20 05:13:59
AjdIjF@mail.ru,UPDATE,2024-09-20 05:14:40
FEXVfhXnUNAV@mail.ru,DELETE,2024-09-20 15:05:15
kHpHM@ya.ru,READ,2024-09-20 10:15:20
SYdPBJbV@gmail.com,READ,2024-09-20 10:41:41
SYdPBJbV@gmail.com,DELETE,2024-09-20 12:00:07
RssCui@mail.ru,CREATE,2024-09-20 20:48:28
cfLRkASXpiiJT@ya.ru,DELETE,2024-09-20 17:20:15
FEXVfhXnUNAV@mail.ru,READ,2024-09-20 03:41:51
cZmhDLeKM@ya.ru,READ,2024-09-20 11:18:09
cfLRkASXpiiJT@ya.ru,CREATE,2024-09-20 18:13:16
cfLRkASXpiiJT@ya.ru,READ,2024-09-20 18:24:21
RssCui@mail.ru,CREATE,2024-09-20 10:40:09
cfLRkASXpiiJT@ya.ru,UPDATE,2024-09-20 01:13:54
BYWDBz@ya.ru,CREATE,2024-09-20 19:25:26
FEXVfhXnUNAV@mail.ru,READ,2024-09-20 21:31:37
RssCui@mail.ru,READ,2024-09-20 17:11:19
cZmhDLeKM@ya.ru,UPDATE,2024-09-20 06:53:46
SYdPBJbV@gmail.com,DELETE,2024-09-20 01:46:30
FEXVfhXnUNAV@mail.ru,DELETE,2024-09-20 03:54:43
HXiBtspZZahN@mail.ru,UPDATE,2024-09-20 10:51:10
RssCui@mail.ru,DELETE,2024-09-20 14:55:40
cfLRkASXpiiJT@ya.ru,READ,2024-09-20 09:48:05
cfLRkASXpiiJT@ya.ru,UPDATE,2024-09-20 07:57:58
HXiBtspZZahN@mail.ru,DELETE,2024-09-20 03:31:39
SYdPBJbV@gmail.com,CREATE,2024-09-20 18:32:51
GTeZH@mail.ru,DELETE,2024-09-20 15:48:50
RssCui@mail.ru,READ,2024-09-20 22:42:43
BYWDBz@ya.ru,CREATE,2024-09-20 16:53:00
HXiBtspZZahN@mail.ru,UPDATE,2024-09-20 10:49:50
RssCui@mail.ru,UPDATE,2024-09-20 21:03:50
cZmhDLeKM@ya.ru,UPDATE,2024-09-20 14:03:08
RssCui@mail.ru,UPDATE,2024-09-20 20:34:39
SYdPBJbV@gmail.com,READ,2024-09-20 09:27:19
GTeZH@mail.ru,DELETE,2024-09-20 16:39:03
BYWDBz@ya.ru,READ,2024-09-20 20:29:00
cZmhDLeKM@ya.ru,DELETE,2024-09-20 11:44:41
AjdIjF@mail.ru,DELETE,2024-09-20 14:07:37
BYWDBz@ya.ru,CREATE,2024-09-20 20:34:14
AjdIjF@mail.ru,DELETE,2024-09-20 05:56:56
AjdIjF@mail.ru,CREATE,2024-09-20 13:17:08
RssCui@mail.ru,UPDATE,2024-09-20 16:33:17
AjdIjF@mail.ru,DELETE,2024-09-20 07:03:11
SYdPBJbV@gmail.com,READ,2024-09-20 14:29:08
BYWDBz@ya.ru,READ,2024-09-20 16:46:41
AjdIjF@mail.ru,CREATE,2024-09-20 07:01:33
cfLRkASXpiiJT@ya.ru,READ,2024-09-20 10:35:52
BYWDBz@ya.ru,UPDATE,2024-09-20 19:18:14
HXiBtspZZahN@mail.ru,READ,2024-09-20 03:52:07
kHpHM@ya.ru,CREATE,2024-09-20 11:21:45
GTeZH@mail.ru,DELETE,2024-09-20 07:55:58
SYdPBJbV@gmail.com,READ,2024-09-20 06:06:09
GTeZH@mail.ru,CREATE,2024-09-20 18:26:07
SYdPBJbV@gmail.com,UPDATE,2024-09-20 15:51:00
SYdPBJbV@gmail.com,UPDATE,2024-09-20 23:40:19
GTeZH@mail.ru,DELETE,2024-09-20 18:39:31
AjdIjF@mail.ru,CREATE,2024-09-20 15:30:19
kHpHM@ya.ru,DELETE,2024-09-20 07:20:58
cZmhDLeKM@ya.ru,UPDATE,2024-09-20 13:15:08
BYWDBz@ya.ru,READ,2024-09-20 17:42:18
AjdIjF@mail.ru,DELETE,2024-09-20 12:54:42
AjdIjF@mail.ru,CREATE,2024-09-20 08:03:30
FEXVfhXnUNAV@mail.ru,READ,2024-09-20 03:31:54
HXiBtspZZahN@mail.ru,UPDATE,2024-09-20 18:10:31
RssCui@mail.ru,DELETE,2024-09-20 11:46:19
cfLRkASXpiiJT@ya.ru,READ,2024-09-20 06:43:51
kHpHM@ya.ru,CREATE,2024-09-20 14:31:07
GTeZH@mail.ru,UPDATE,2024-09-20 11:26:41
cfLRkASXpiiJT@ya.ru,READ,2024-09-20 02:34:33
BYWDBz@ya.ru,UPDATE,2024-09-20 05:00:10
cZmhDLeKM@ya.ru,UPDATE,2024-09-20 08:50:54
AjdIjF@mail.ru,CREATE,2024-09-20 09:51:01
AjdIjF@mail.ru,CREATE,2024-09-20 19:54:27
FEXVfhXnUNAV@mail.ru,CREATE,2024-09-20 18:19:42
RssCui@mail.ru,UPDATE,2024-09-20 16:56:47
cfLRkASXpiiJT@ya.ru,READ,2024-09-20 19:47:00
AjdIjF@mail.ru,CREATE,2024-09-20 16:12:49
AjdIjF@mail.ru,READ,2024-09-20 15:24:10
HXiBtspZZahN@mail.ru,CREATE,2024-09-20 04:29:09
cZmhDLeKM@ya.ru,READ,2024-09-20 15:14:36
SYdPBJbV@gmail.com,READ,2024-09-20 17:15:41
AjdIjF@mail.ru,CREATE,2024-09-20 10:19:33
AjdIjF@mail.ru,UPDATE,2024-09-20 16:25:32
SYdPBJbV@gmail.com,DELETE,2024-09-20 00:30:24
BYWDBz@ya.ru,DELETE,2024-09-20 03:51:11
cfLRkASXpiiJT@ya.ru,READ,2024-09-20 06:45:18
FEXVfhXnUNAV@mail.ru,CREATE,2024-09-20 21:15:55
kHpHM@ya.ru,UPDATE,2024-09-20 04:52:40
GTeZH@mail.ru,READ,2024-09-20 16:14:07
GTeZH@mail.ru,CREATE,2024-09-20 12:05:41
BYWDBz@ya.ru,CREATE,2024-09-20 23:33:33
GTeZH@mail.ru,DELETE,2024-09-20 07:17:44
cfLRkASXpiiJT@ya.ru,DELETE,2024-09-20 18:29:38
cfLRkASXpiiJT@ya.ru,DELETE,2024-09-20 18:27:52
GTeZH@mail.ru,UPDATE,2024-09-20 05:57:08
BYWDBz@ya.ru,CREATE,2024-09-20 14:30:23
AjdIjF@mail.ru,DELETE,2024-09-20 08:18:23
HXiBtspZZahN@mail.ru,UPDATE,2024-09-20 15:56:13
cZmhDLeKM@ya.ru,DELETE,2024-09-20 20:42:59
cZmhDLeKM@ya.ru,CREATE,2024-09-20 23:50:19
BYWDBz@ya.ru,DELETE,2024-09-20 13:36:56
cfLRkASXpiiJT@ya.ru,UPDATE,2024-09-20 02:03:14
SYdPBJbV@gmail.com,UPDATE,2024-09-20 21:46:14
SYdPBJbV@gmail.com,UPDATE,2024-09-20 15:08:06
GTeZH@mail.ru,DELETE,2024-09-20 21:09:06
kHpHM@ya.ru,UPDATE,2024-09-20 05:14:03
GTeZH@mail.ru,UPDATE,2024-09-20 01:28:01
BYWDBz@ya.ru,UPDATE,2024-09-20 22:24:47
kHpHM@ya.ru,DELETE,2024-09-20 15:01:08
SYdPBJbV@gmail.com,CREATE,2024-09-20 19:45:58
cfLRkASXpiiJT@ya.ru,UPDATE,2024-09-20 05:07:32
RssCui@mail.ru,READ,2024-09-20 12:18:10
SYdPBJbV@gmail.com,READ,2024-09-20 05:10:37
cZmhDLeKM@ya.ru,UPDATE,2024-09-20 00:03:59
FEXVfhXnUNAV@mail.ru,CREATE,2024-09-20 16:33:23
SYdPBJbV@gmail.com,CREATE,2024-09-20 04:01:17
SYdPBJbV@gmail.com,UPDATE,2024-09-20 00:05:02
HXiBtspZZahN@mail.ru,READ,2024-09-20 12:08:37
AjdIjF@mail.ru,DELETE,2024-09-20 05:51:10
cZmhDLeKM@ya.ru,DELETE,2024-09-20 04:30:23
AjdIjF@mail.ru,READ,2024-09-20 14:49:10
RssCui@mail.ru,DELETE,2024-09-20 22:02:45
cfLRkASXpiiJT@ya.ru,UPDATE,2024-09-20 01:02:28
SYdPBJbV@gmail.com,READ,2024-09-20 00:45:20
RssCui@mail.ru,DELETE,2024-09-20 17:44:00
SYdPBJbV@gmail.com,READ,2024-09-20 12:09:42
RssCui@mail.ru,READ,2024-09-20 18:45:35
HXiBtspZZahN@mail.ru,DELETE,2024-09-20 14:27:53
HXiBtspZZahN@mail.ru,READ,2024-09-20 09:25:33
kHpHM@ya.ru,DELETE,2024-09-20 06:34:15
kHpHM@ya.ru,UPDATE,2024-09-20 05:18:02
GTeZH@mail.ru,CREATE,2024-09-20 21:30:13
AjdIjF@mail.ru,UPDATE,2024-09-20 23:47:01
BYWDBz@ya.ru,READ,2024-09-20 11:08:23
kHpHM@ya.ru,UPDATE,2024-09-20 02:40:40
cfLRkASXpiiJT@ya.ru,CREATE,2024-09-20 16:33:53
HXiBtspZZahN@mail.ru,READ,2024-09-20 21:51:38
FEXVfhXnUNAV@mail.ru,READ,2024-09-20 04:57:00
GTeZH@mail.ru,CREATE,2024-09-20 23:10:14
BYWDBz@ya.ru,CREATE,2024-09-20 20:26:14
SYdPBJbV@gmail.com,DELETE,2024-09-20 03:44:06
GTeZH@mail.ru,CREATE,2024-09-20 05:54:24
RssCui@mail.ru,DELETE,2024-09-20 18:06:27
GTeZH@mail.ru,READ,2024-09-20 02:25:23
BYWDBz@ya.ru,CREATE,2024-09-20 14:46:05
cZmhDLeKM@ya.ru,CREATE,2024-09-20 07:44:19
SYdPBJbV@gmail.com,DELETE,2024-09-20 11:30:11
RssCui@mail.ru,UPDATE,2024-09-20 17:11:49
HXiBtspZZahN@mail.ru,READ,2024-09-20 01:17:27
cZmhDLeKM@ya.ru,DELETE,2024-09-20 21:29:13
AjdIjF@mail.ru,READ,2024-09-20 12:27:03
SYdPBJbV@gmail.com,READ,2024-09-20 03:59:44
BYWDBz@ya.ru,READ,2024-09-20 12:55:41
cfLRkASXpiiJT@ya.ru,UPDATE,2024-09-20 13:24:37
FEXVfhXnUNAV@mail.ru,UPDATE,2024-09-20 08:02:26
kHpHM@ya.ru,READ,2024-09-20 12:52:59
cfLRkASXpiiJT@ya.ru,READ,2024-09-20 02:22:33
SYdPBJbV@gmail.com,READ,2024-09-20 19:41:28
SYdPBJbV@gmail.com,CREATE,2024-09-20 06:29:24
HXiBtspZZahN@mail.ru,UPDATE,2024-09-20 14:13:56
SYdPBJbV@gmail.com,CREATE,2024-09-20 15:46:21
cZmhDLeKM@ya.ru,DELETE,2024-09-20 15:38:40
RssCui@mail.ru,CREATE,2024-09-20 16:39:45
AjdIjF@mail.ru,DELETE,2024-09-20 19:49:07
SYdPBJbV@gmail.com,UPDATE,2024-09-20 21:28:37
FEXVfhXnUNAV@mail.ru,UPDATE,2024-09-20 07:25:58
RssCui@mail.ru,UPDATE,2024-09-20 07:43:09
kHpHM@ya.ru,UPDATE,2024-09-20 03:56:22
HXiBtspZZahN@mail.ru,CREATE,2024-09-20 11:31:26
BYWDBz@ya.ru,READ,2024-09-20 08:40:45
AjdIjF@mail.ru,CREATE,2024-09-20 22:37:53
kHpHM@ya.ru,CREATE,2024-09-20 12:19:52
RssCui@mail.ru,DELETE,2024-09-20 05:11:09
BYWDBz@ya.ru,READ,2024-09-20 09:49:59
cZmhDLeKM@ya.ru,READ,2024-09-20 16:57:33
RssCui@mail.ru,READ,2024-09-20 16:08:41
RssCui@mail.ru,READ,2024-09-20 14:55:19
FEXVfhXnUNAV@mail.ru,CREATE,2024-09-20 08:20:39
FEXVfhXnUNAV@mail.ru,UPDATE,2024-09-20 16:44:09
GTeZH@mail.ru,UPDATE,2024-09-20 12:22:36
cZmhDLeKM@ya.ru,CREATE,2024-09-20 04:25:40
FEXVfhXnUNAV@mail.ru,UPDATE,2024-09-20 01:39:57
SYdPBJbV@gmail.com,CREATE,2024-09-20 07:10:01
HXiBtspZZahN@mail.ru,UPDATE,2024-09-20 05:25:41
HXiBtspZZahN@mail.ru,UPDATE,2024-09-20 02:07:17
kHpHM@ya.ru,READ,2024-09-20 10:34:16
HXiBtspZZahN@mail.ru,READ,2024-09-20 20:24:34
BYWDBz@ya.ru,DELETE,2024-09-20 12:03:04
SYdPBJbV@gmail.com,READ,2024-09-20 17:52:33
kHpHM@ya.ru,UPDATE,2024-09-20 13:55:47
FEXVfhXnUNAV@mail.ru,UPDATE,2024-09-20 09:25:18
AjdIjF@mail.ru,UPDATE,2024-09-20 20:31:41
kHpHM@ya.ru,UPDATE,2024-09-20 19:18:33
RssCui@mail.ru,CREATE,2024-09-20 10:34:44
kHpHM@ya.ru,READ,2024-09-20 16:05:26
FEXVfhXnUNAV@mail.ru,UPDATE,2024-09-20 16:02:08
RssCui@mail.ru,CREATE,2024-09-20 00:08:18
BYWDBz@ya.ru,READ,2024-09-20 19:50:29
cZmhDLeKM@ya.ru,CREATE,2024-09-20 14:25:14
BYWDBz@ya.ru,CREATE,2024-09-20 09:43:49
cZmhDLeKM@ya.ru,DELETE,2024-09-20 18:59:45
AjdIjF@mail.ru,UPDATE,2024-09-20 01:51:30
FEXVfhXnUNAV@mail.ru,DELETE,2024-09-20 22:28:00
AjdIjF@mail.ru,READ,2024-09-20 20:55:35
FEXVfhXnUNAV@mail.ru,UPDATE,2024-09-20 16:22:57
RssCui@mail.ru,READ,2024-09-20 06:37:25
RssCui@mail.ru,UPDATE,2024-09-20 23:11:12
GTeZH@mail.ru,CREATE,2024-09-20 01:36:14
HXiBtspZZahN@mail.ru,CREATE,2024-09-20 03:15:19
HXiBtspZZahN@mail.ru,READ,2024-09-20 09:39:38
AjdIjF@mail.ru,DELETE,2024-09-20 15:34:36
cfLRkASXpiiJT@ya.ru,CREATE,2024-09-20 07:34:30
cfLRkASXpiiJT@ya.ru,CREATE,2024-09-20 14:14:27
AjdIjF@mail.ru,READ,2024-09-20 10:13:37
RssCui@mail.ru,READ,2024-09-20 10:48:05
BYWDBz@ya.ru,READ,2024-09-20 19:37:17
BYWDBz@ya.ru,UPDATE,2024-09-20 22:37:56
BYWDBz@ya.ru,UPDATE,2024-09-20 07:29:44
HXiBtspZZahN@mail.ru,UPDATE,2024-09-20 22:39:51
BYWDBz@ya.ru,DELETE,2024-09-20 00:12:54
AjdIjF@mail.ru,UPDATE,2024-09-20 02:14:32
BYWDBz@ya.ru,UPDATE,2024-09-20 10:41:26
SYdPBJbV@gmail.com,DELETE,2024-09-20 12:06:57
BYWDBz@ya.ru,UPDATE,2024-09-20 13:10:13
BYWDBz@ya.ru,UPDATE,2024-09-20 01:44:27
kHpHM@ya.ru,UPDATE,2024-09-20 11:29:30
HXiBtspZZahN@mail.ru,READ,2024-09-20 11:21:11
cZmhDLeKM@ya.ru,READ,2024-09-20 09:38:46
SYdPBJbV@gmail.com,CREATE,2024-09-20 17:46:21
FEXVfhXnUNAV@mail.ru,UPDATE,2024-09-20 21:13:38
RssCui@mail.ru,CREATE,2024-09-20 10:42:14
RssCui@mail.ru,DELETE,2024-09-20 19:59:42
RssCui@mail.ru,UPDATE,2024-09-20 02:04:12
cfLRkASXpiiJT@ya.ru,CREATE,2024-09-20 18:25:02
cfLRkASXpiiJT@ya.ru,UPDATE,2024-09-20 12:14:44
RssCui@mail.ru,DELETE,2024-09-20 03:59:48
kHpHM@ya.ru,DELETE,2024-09-20 04:08:58
SYdPBJbV@gmail.com,CREATE,2024-09-20 04:34:07
RssCui@mail.ru,UPDATE,2024-09-20 09:21:21
FEXVfhXnUNAV@mail.ru,DELETE,2024-09-20 12:44:02
cZmhDLeKM@ya.ru,UPDATE,2024-09-20 20:07:51
BYWDBz@ya.ru,READ,2024-09-20 05:49:45
SYdPBJbV@gmail.com,READ,2024-09-20 21:42:44
AjdIjF@mail.ru,DELETE,2024-09-20 00:58:30
BYWDBz@ya.ru,DELETE,2024-09-20 22:55:07
SYdPBJbV@gmail.com,DELETE,2024-09-20 04:04:48
cfLRkASXpiiJT@ya.ru,UPDATE,2024-09-20 18:20:35
cfLRkASXpiiJT@ya.ru,READ,2024-09-20 09:44:12
AjdIjF@mail.ru,READ,2024-09-20 19:02:52
BYWDBz@ya.ru,READ,2024-09-20 06:07:37
BYWDBz@ya.ru,UPDATE,2024-09-20 01:42:05
cZmhDLeKM@ya.ru,UPDATE,2024-09-20 04:40:20
kHpHM@ya.ru,DELETE,2024-09-20 14:56:16
AjdIjF@mail.ru,READ,2024-09-20 02:52:31
FEXVfhXnUNAV@mail.ru,DELETE,2024-09-20 06:14:48
GTeZH@mail.ru,DELETE,2024-09-20 17:52:26
SYdPBJbV@gmail.com,READ,2024-09-20 08:47:03
FEXVfhXnUNAV@mail.ru,READ,2024-09-20 04:42:35
BYWDBz@ya.ru,CREATE,2024-09-20 08:07:19
HXiBtspZZahN@mail.ru,DELETE,2024-09-20 08:05:01
kHpHM@ya.ru,UPDATE,2024-09-20 13:42:51
cfLRkASXpiiJT@ya.ru,UPDATE,2024-09-20 22:04:37
kHpHM@ya.ru,READ,2024-09-20 02:26:30
cfLRkASXpiiJT@ya.ru,DELETE,2024-09-20 09:22:24
BYWDBz@ya.ru,DELETE,2024-09-20 01:06:46
GTeZH@mail.ru,UPDATE,2024-09-20 03:43:25
GTeZH@mail.ru,DELETE,2024-09-20 10:46:03
AjdIjF@mail.ru,READ,2024-09-20 14:43:15
cfLRkASXpiiJT@ya.ru,READ,2024-09-20 03:49:53
SYdPBJbV@gmail.com,DELETE,2024-09-20 16:53:29
GTeZH@mail.ru,CREATE,2024-09-20 17:18:52
AjdIjF@mail.ru,DELETE,2024-09-20 10:54:19
BYWDBz@ya.ru,CREATE,2024-09-20 18:33:02
kHpHM@ya.ru,DELETE,2024-09-20 17:00:06
AjdIjF@mail.ru,READ,2024-09-20 03:10:32
HXiBtspZZahN@mail.ru,UPDATE,2024-09-20 12:52:15
AjdIjF@mail.ru,READ,2024-09-20 15:44:44
GTeZH@mail.ru,READ,2024-09-20 21:43:33
FEXVfhXnUNAV@mail.ru,READ,2024-09-20 05:15:28
BYWDBz@ya.ru,DELETE,2024-09-20 16:01:55
cfLRkASXpiiJT@ya.ru,READ,2024-09-20 23:51:55
BYWDBz@ya.ru,CREATE,2024-09-20 20:45:35
GTeZH@mail.ru,DELETE,2024-09-20 12:31:59
GTeZH@mail.ru,READ,2024-09-20 13:11:38
RssCui@mail.ru,UPDATE,2024-09-20 18:31:55
SYdPBJbV@gmail.com,CREATE,2024-09-20 03:59:56
cfLRkASXpiiJT@ya.ru,UPDATE,2024-09-20 18:41:16
FEXVfhXnUNAV@mail.ru,UPDATE,2024-09-20 04:23:47
SYdPBJbV@gmail.com,DELETE,2024-09-20 12:56:29
GTeZH@mail.ru,READ,2024-09-20 12:52:52
cZmhDLeKM@ya.ru,READ,2024-09-20 17:59:09
AjdIjF@mail.ru,CREATE,2024-09-20 03:51:14
SYdPBJbV@gmail.com,UPDATE,2024-09-20 11:43:26
kHpHM@ya.ru,UPDATE,2024-09-20 08:49:26
SYdPBJbV@gmail.com,CREATE,2024-09-20 22:28:07
RssCui@mail.ru,DELETE,2024-09-20 14:10:42
cZmhDLeKM@ya.ru,READ,2024-09-20 19:40:58
cZmhDLeKM@ya.ru,DELETE,2024-09-20 00:10:15
GTeZH@mail.ru,DELETE,2024-09-20 14:57:59
cZmhDLeKM@ya.ru,DELETE,2024-09-20 20:05:42
kHpHM@ya.ru,READ,2024-09-20 23:30:28
cZmhDLeKM@ya.ru,DELETE,2024-09-20 07:01:11
cZmhDLeKM@ya.ru,UPDATE,2024-09-20 17:23:52
cZmhDLeKM@ya.ru,READ,2024-09-20 07:09:43
kHpHM@ya.ru,UPDATE,2024-09-20 19:20:37
GTeZH@mail.ru,DELETE,2024-09-20 09:08:38
FEXVfhXnUNAV@mail.ru,READ,2024-09-20 23:43:16
BYWDBz@ya.ru,DELETE,2024-09-20 02:35:54
BYWDBz@ya.ru,UPDATE,2024-09-20 05:57:47
FEXVfhXnUNAV@mail.ru,DELETE,2024-09-20 15:15:48
SYdPBJbV@gmail.com,UPDATE,2024-09-20 20:55:09
kHpHM@ya.ru,DELETE,2024-09-20 23:53:38
GTeZH@mail.ru,READ,2024-09-20 12:19:55
FEXVfhXnUNAV@mail.ru,DELETE,2024-09-20 16:13:34
SYdPBJbV@gmail.com,CREATE,2024-09-20 18:58:03
cZmhDLeKM@ya.ru,CREATE,2024-09-20 16:10:31
RssCui@mail.ru,READ,2024-09-20 11:15:24
BYWDBz@ya.ru,UPDATE,2024-09-20 14:34:59
AjdIjF@mail.ru,UPDATE,2024-09-20 15:55:29
SYdPBJbV@gmail.com,READ,2024-09-20 17:20:29
FEXVfhXnUNAV@mail.ru,READ,2024-09-20 01:41:06
GTeZH@mail.ru,DELETE,2024-09-20 19:10:07
GTeZH@mail.ru,CREATE,2024-09-20 18:50:02
AjdIjF@mail.ru,READ,2024-09-20 19:51:58
BYWDBz@ya.ru,READ,2024-09-20 10:44:20
SYdPBJbV@gmail.com,READ,2024-09-20 22:34:11
RssCui@mail.ru,UPDATE,2024-09-20 11:41:01
kHpHM@ya.ru,CREATE,2024-09-20 08:05:32
RssCui@mail.ru,DELETE,2024-09-20 03:40:40
GTeZH@mail.ru,READ,2024-09-20 08:01:09
kHpHM@ya.ru,CREATE,2024-09-20 07:22:34
kHpHM@ya.ru,DELETE,2024-09-20 12:51:08
RssCui@mail.ru,DELETE,2024-09-20 09:31:41
cZmhDLeKM@ya.ru,DELETE,2024-09-20 07:28:34
SYdPBJbV@gmail.com,READ,2024-09-20 21:18:11
cZmhDLeKM@ya.ru,DELETE,2024-09-20 22:07:15
cZmhDLeKM@ya.ru,READ,2024-09-20 22:37:11
AjdIjF@mail.ru,CREATE,2024-09-20 17:48:03
AjdIjF@mail.ru,UPDATE,2024-09-20 19:33:09
kHpHM@ya.ru,UPDATE,2024-09-20 13:25:41
cZmhDLeKM@ya.ru,DELETE,2024-09-20 22:36:54
kHpHM@ya.ru,CREATE,2024-09-20 07:16:15
RssCui@mail.ru,CREATE,2024-09-20 04:38:23
GTeZH@mail.ru,DELETE,2024-09-20 16:19:22
cZmhDLeKM@ya.ru,UPDATE,2024-09-20 17:58:16
BYWDBz@ya.ru,CREATE,2024-09-20 20:33:14
AjdIjF@mail.ru,UPDATE,2024-09-20 22:22:11
cZmhDLeKM@ya.ru,READ,2024-09-20 16:48:20
SYdPBJbV@gmail.com,UPDATE,2024-09-20 19:43:13
HXiBtspZZahN@mail.ru,READ,2024-09-20 19:07:25
BYWDBz@ya.ru,CREATE,2024-09-20 02:20:45
RssCui@mail.ru,DELETE,2024-09-20 23:11:43
GTeZH@mail.ru,READ,2024-09-20 09:54:32
FEXVfhXnUNAV@mail.ru,UPDATE,2024-09-20 21:11:43
kHpHM@ya.ru,UPDATE,2024-09-20 05:53:12
SYdPBJbV@gmail.com,UPDATE,2024-09-20 07:36:23
GTeZH@mail.ru,UPDATE,2024-09-20 12:07:28
BYWDBz@ya.ru,READ,2024-09-20 17:50:00
BYWDBz@ya.ru,DELETE,2024-09-20 04:35:39
FEXVfhXnUNAV@mail.ru,READ,2024-09-20 17:15:32
FEXVfhXnUNAV@mail.ru,READ,2024-09-20 21:39:56
SYdPBJbV@gmail.com,UPDATE,2024-09-20 16:39:07
cZmhDLeKM@ya.ru,CREATE,2024-09-20 06:42:31
kHpHM@ya.ru,CREATE,2024-09-20 20:39:52
HXiBtspZZahN@mail.ru,UPDATE,2024-09-20 03:10:35
AjdIjF@mail.ru,CREATE,2024-09-20 23:45:26
kHpHM@ya.ru,READ,2024-09-20 19:47:15
AjdIjF@mail.ru,UPDATE,2024-09-20 10:05:12
GTeZH@mail.ru,READ,2024-09-20 04:06:50
GTeZH@mail.ru,DELETE,2024-09-20 13:51:38
cfLRkASXpiiJT@ya.ru,DELETE,2024-09-20 15:13:40
GTeZH@mail.ru,CREATE,2024-09-20 12:22:13
FEXVfhXnUNAV@mail.ru,CREATE,2024-09-20 22:53:26
RssCui@mail.ru,CREATE,2024-09-20 13:32:14
kHpHM@ya.ru,READ,2024-09-20 23:50:43
SYdPBJbV@gmail.com,CREATE,2024-09-20 19:15:22
BYWDBz@ya.ru,CREATE,2024-09-20 09:28:21
HXiBtspZZahN@mail.ru,CREATE,2024-09-20 05:48:45
cfLRkASXpiiJT@ya.ru,CREATE,2024-09-20 04:14:16
SYdPBJbV@gmail.com,READ,2024-09-20 20:40:37
kHpHM@ya.ru,CREATE,2024-09-20 13:22:31
RssCui@mail.ru,UPDATE,2024-09-20 13:15:50
cfLRkASXpiiJT@ya.ru,CREATE,2024-09-20 12:57:20
AjdIjF@mail.ru,UPDATE,2024-09-20 16:15:47
FEXVfhXnUNAV@mail.ru,READ,2024-09-20 00:38:02
BYWDBz@ya.ru,CREATE,2024-09-20 06:49:15
cZmhDLeKM@ya.ru,DELETE,2024-09-20 19:43:08
HXiBtspZZahN@mail.ru,READ,2024-09-20 05:08:37
kHpHM@ya.ru,DELETE,2024-09-20 17:43:06
AjdIjF@mail.ru,READ,2024-09-20 08:22:36
GTeZH@mail.ru,DELETE,2024-09-20 05:13:40
BYWDBz@ya.ru,DELETE,2024-09-20 05:48:22
RssCui@mail.ru,READ,2024-09-20 11:02:06
GTeZH@mail.ru,CREATE,2024-09-20 12:54:01
FEXVfhXnUNAV@mail.ru,UPDATE,2024-09-20 13:26:51
RssCui@mail.ru,DELETE,2024-09-20 03:14:33
GTeZH@mail.ru,UPDATE,2024-09-20 21:38:56
SYdPBJbV@gmail.com,DELETE,2024-09-20 15:59:25
cZmhDLeKM@ya.ru,READ,2024-09-20 12:22:24
FEXVfhXnUNAV@mail.ru,CREATE,2024-09-20 03:16:13
SYdPBJbV@gmail.com,DELETE,2024-09-20 15:36:34
FEXVfhXnUNAV@mail.ru,DELETE,2024-09-20 22:51:06
kHpHM@ya.ru,UPDATE,2024-09-20 21:17:31
RssCui@mail.ru,READ,2024-09-20 11:45:11
HXiBtspZZahN@mail.ru,CREATE,2024-09-20 19:23:13
kHpHM@ya.ru,UPDATE,2024-09-20 01:18:35
FEXVfhXnUNAV@mail.ru,READ,2024-09-20 19:22:30
HXiBtspZZahN@mail.ru,READ,2024-09-20 12:11:14
HXiBtspZZahN@mail.ru,UPDATE,2024-09-20 12:04:13
HXiBtspZZahN@mail.ru,CREATE,2024-09-20 21:33:25
kHpHM@ya.ru,UPDATE,2024-09-20 00:13:37
AjdIjF@mail.ru,CREATE,2024-09-20 10:22:07
kHpHM@ya.ru,READ,2024-09-20 09:10:39
cfLRkASXpiiJT@ya.ru,CREATE,2024-09-20 07:20:34
FEXVfhXnUNAV@mail.ru,DELETE,2024-09-20 07:16:50
AjdIjF@mail.ru,DELETE,2024-09-20 21:27:17
FEXVfhXnUNAV@mail.ru,READ,2024-09-20 20:21:52
cZmhDLeKM@ya.ru,CREATE,2024-09-20 19:25:49
cZmhDLeKM@ya.ru,READ,2024-09-20 18:45:20
BYWDBz@ya.ru,UPDATE,2024-09-20 07:28:52
BYWDBz@ya.ru,READ,2024-09-20 07:41:18
FEXVfhXnUNAV@mail.ru,DELETE,2024-09-20 12:38:48
cZmhDLeKM@ya.ru,UPDATE,2024-09-20 00:19:22
GTeZH@mail.ru,READ,2024-09-20 03:39:51
AjdIjF@mail.ru,READ,2024-09-20 05:03:06
RssCui@mail.ru,DELETE,2024-09-20 01:15:32
GTeZH@mail.ru,READ,2024-09-20 18:58:37
GTeZH@mail.ru,DELETE,2024-09-20 06:41:10
AjdIjF@mail.ru,DELETE,2024-09-20 00:00:06
HXiBtspZZahN@mail.ru,DELETE,2024-09-20 21:05:51
SYdPBJbV@gmail.com,READ,2024-09-20 09:51:02
kHpHM@ya.ru,READ,2024-09-20 10:30:03
RssCui@mail.ru,DELETE,2024-09-20 04:42:12
cZmhDLeKM@ya.ru,UPDATE,2024-09-20 05:01:53
AjdIjF@mail.ru,UPDATE,2024-09-20 07:09:42
FEXVfhXnUNAV@mail.ru,READ,2024-09-20 10:35:40
RssCui@mail.ru,DELETE,2024-09-20 02:20:04
HXiBtspZZahN@mail.ru,READ,2024-09-20 21:16:34
GTeZH@mail.ru,UPDATE,2024-09-20 07:29:13
AjdIjF@mail.ru,CREATE,2024-09-20 07:48:26
HXiBtspZZahN@mail.ru,CREATE,2024-09-20 08:04:29
FEXVfhXnUNAV@mail.ru,CREATE,2024-09-20 09:49:12
BYWDBz@ya.ru,READ,2024-09-20 18:16:02
AjdIjF@mail.ru,UPDATE,2024-09-20 03:20:14
RssCui@mail.ru,CREATE,2024-09-20 21:35:42
cfLRkASXpiiJT@ya.ru,READ,2024-09-20 10:02:11
SYdPBJbV@gmail.com,UPDATE,2024-09-20 10:05:50
HXiBtspZZahN@mail.ru,READ,2024-09-20 18:20:19
GTeZH@mail.ru,READ,2024-09-20 04:07:01
SYdPBJbV@gmail.com,UPDATE,2024-09-20 17:06:32
RssCui@mail.ru,CREATE,2024-09-20 06:39:33
AjdIjF@mail.ru,READ,2024-09-20 06:16:47
BYWDBz@ya.ru,DELETE,2024-09-20 12:05:36
SYdPBJbV@gmail.com,READ,2024-09-20 18:38:11
cZmhDLeKM@ya.ru,DELETE,2024-09-20 04:49:43
RssCui@mail.ru,DELETE,2024-09-20 06:23:20
RssCui@mail.ru,DELETE,2024-09-20 09:11:16
BYWDBz@ya.ru,CREATE,2024-09-20 02:58:07
AjdIjF@mail.ru,DELETE,2024-09-20 02:06:11
HXiBtspZZahN@mail.ru,CREATE,2024-09-20 00:51:53
cZmhDLeKM@ya.ru,CREATE,2024-09-20 11:36:11
FEXVfhXnUNAV@mail.ru,DELETE,2024-09-20 21:30:25
cZmhDLeKM@ya.ru,UPDATE,2024-09-20 02:15:13
BYWDBz@ya.ru,UPDATE,2024-09-20 20:28:45
cZmhDLeKM@ya.ru,CREATE,2024-09-20 14:34:54
AjdIjF@mail.ru,READ,2024-09-20 20:01:39
BYWDBz@ya.ru,UPDATE,2024-09-20 16:02:01
RssCui@mail.ru,READ,2024-09-20 23:57:25
kHpHM@ya.ru,DELETE,2024-09-20 09:44:23
GTeZH@mail.ru,READ,2024-09-20 22:24:30
BYWDBz@ya.ru,CREATE,2024-09-20 04:44:06
AjdIjF@mail.ru,READ,2024-09-20 16:08:11
GTeZH@mail.ru,DELETE,2024-09-20 22:11:07
AjdIjF@mail.ru,UPDATE,2024-09-20 06:34:46
FEXVfhXnUNAV@mail.ru,DELETE,2024-09-20 20:56:32
cfLRkASXpiiJT@ya.ru,CREATE,2024-09-20 21:19:03
AjdIjF@mail.ru,CREATE,2024-09-20 19:34:07
cZmhDLeKM@ya.ru,DELETE,2024-09-20 18:08:18
BYWDBz@ya.ru,DELETE,2024-09-20 12:35:47
HXiBtspZZahN@mail.ru,DELETE,2024-09-20 13:18:17
BYWDBz@ya.ru,DELETE,2024-09-20 17:19:28
cfLRkASXpiiJT@ya.ru,UPDATE,2024-09-20 03:12:49
HXiBtspZZahN@mail.ru,READ,2024-09-20 11:27:28
cZmhDLeKM@ya.ru,CREATE,2024-09-20 23:39:05
cfLRkASXpiiJT@ya.ru,READ,2024-09-20 19:07:53
AjdIjF@mail.ru,DELETE,2024-09-20 23:59:06
FEXVfhXnUNAV@mail.ru,CREATE,2024-09-20 16:32:35
cfLRkASXpiiJT@ya.ru,DELETE,2024-09-20 18:02:15
SYdPBJbV@gmail.com,READ,2024-09-20 22:10:01
HXiBtspZZahN@mail.ru,CREATE,2024-09-20 04:18:02
SYdPBJbV@gmail.com,UPDATE,2024-09-20 11:39:21
cfLRkASXpiiJT@ya.ru,DELETE,2024-09-20 14:30:20
cfLRkASXpiiJT@ya.ru,DELETE,2024-09-20 07:17:15
FEXVfhXnUNAV@mail.ru,DELETE,2024-09-20 19:47:33
cZmhDLeKM@ya.ru,DELETE,2024-09-20 04:20:58
cfLRkASXpiiJT@ya.ru,CREATE,2024-09-20 00:45:57
BYWDBz@ya.ru,READ,2024-09-20 05:16:53
SYdPBJbV@gmail.com,READ,2024-09-20 21:21:20
cZmhDLeKM@ya.ru,READ,2024-09-20 01:19:09
SYdPBJbV@gmail.com,UPDATE,2024-09-20 14:15:48
kHpHM@ya.ru,UPDATE,2024-09-20 06:30:34
FEXVfhXnUNAV@mail.ru,CREATE,2024-09-20 19:59:43
BYWDBz@ya.ru,CREATE,2024-09-20 04:01:55
AjdIjF@mail.ru,CREATE,2024-09-20 20:03:09
BYWDBz@ya.ru,CREATE,2024-09-20 00:26:28
FEXVfhXnUNAV@mail.ru,DELETE,2024-09-20 13:35:14
RssCui@mail.ru,READ,2024-09-20 01:00:30
cfLRkASXpiiJT@ya.ru,READ,2024-09-20 12:16:23
FEXVfhXnUNAV@mail.ru,READ,2024-09-20 10:02:58
GTeZH@mail.ru,CREATE,2024-09-20 22:26:55
HXiBtspZZahN@mail.ru,UPDATE,2024-09-20 08:30:16
FEXVfhXnUNAV@mail.ru,READ,2024-09-20 16:39:43
RssCui@mail.ru,UPDATE,2024-09-20 01:47:20
BYWDBz@ya.ru,CREATE,2024-09-20 02:14:38
kHpHM@ya.ru,READ,2024-09-20 00:37:23
HXiBtspZZahN@mail.ru,DELETE,2024-09-20 23:57:47
cZmhDLeKM@ya.ru,DELETE,2024-09-20 02:03:57
kHpHM@ya.ru,DELETE,2024-09-20 14:42:06
kHpHM@ya.ru,UPDATE,2024-09-20 09:36:20
kHpHM@ya.ru,DELETE,2024-09-20 22:40:11
FEXVfhXnUNAV@mail.ru,DELETE,2024-09-20 23:48:03
kHpHM@ya.ru,UPDATE,2024-09-20 17:31:36
SYdPBJbV@gmail.com,READ,2024-09-20 14:22:04
cfLRkASXpiiJT@ya.ru,DELETE,2024-09-20 14:42:46
kHpHM@ya.ru,DELETE,2024-09-20 04:32:20
cZmhDLeKM@ya.ru,DELETE,2024-09-20 12:20:23
AjdIjF@mail.ru,UPDATE,2024-09-20 23:40:28
HXiBtspZZahN@mail.ru,UPDATE,2024-09-20 07:26:58
RssCui@mail.ru,UPDATE,2024-09-20 15:27:55
HXiBtspZZahN@mail.ru,READ,2024-09-20 16:15:08
GTeZH@mail.ru,CREATE,2024-09-20 05:17:20
GTeZH@mail.ru,UPDATE,2024-09-20 21:36:41
SYdPBJbV@gmail.com,CREATE,2024-09-20 20:04:37
BYWDBz@ya.ru,DELETE,2024-09-20 21:59:02
HXiBtspZZahN@mail.ru,READ,2024-09-20 01:18:01
RssCui@mail.ru,CREATE,2024-09-20 18:44:19
cfLRkASXpiiJT@ya.ru,READ,2024-09-20 14:53:28
HXiBtspZZahN@mail.ru,CREATE,2024-09-20 13:31:50
HXiBtspZZahN@mail.ru,DELETE,2024-09-20 15:25:14
kHpHM@ya.ru,READ,2024-09-20 19:17:54
SYdPBJbV@gmail.com,READ,2024-09-20 21:58:56
AjdIjF@mail.ru,READ,2024-09-20 13:42:00
HXiBtspZZahN@mail.ru,CREATE,2024-09-20 12:09:01
AjdIjF@mail.ru,READ,2024-09-20 13:38:07
BYWDBz@ya.ru,READ,2024-09-20 06:54:23
AjdIjF@mail.ru,DELETE,2024-09-20 00:20:02
AjdIjF@mail.ru,CREATE,2024-09-20 17:37:25
kHpHM@ya.ru,READ,2024-09-20 03:38:44
HXiBtspZZahN@mail.ru,UPDATE,2024-09-20 21:36:44
AjdIjF@mail.ru,UPDATE,2024-09-20 16:51:13
GTeZH@mail.ru,DELETE,2024-09-20 23:23:59
BYWDBz@ya.ru,UPDATE,2024-09-20 23:19:07
FEXVfhXnUNAV@mail.ru,CREATE,2024-09-20 13:59:31
FEXVfhXnUNAV@mail.ru,READ,2024-09-20 16:16:57
kHpHM@ya.ru,CREATE,2024-09-20 19:43:40
kHpHM@ya.ru,READ,2024-09-20 14:11:43
cfLRkASXpiiJT@ya.ru,READ,2024-09-20 16:22:39
AjdIjF@mail.ru,READ,2024-09-20 01:50:17
RssCui@mail.ru,READ,2024-09-20 18:55:39
SYdPBJbV@gmail.com,READ,2024-09-20 17:42:36
cfLRkASXpiiJT@ya.ru,CREATE,2024-09-20 22:31:40
GTeZH@mail.ru,READ,2024-09-20 08:01:24
cZmhDLeKM@ya.ru,READ,2024-09-20 05:58:03
FEXVfhXnUNAV@mail.ru,READ,2024-09-20 08:22:15
FEXVfhXnUNAV@mail.ru,DELETE,2024-09-20 03:58:36
cZmhDLeKM@ya.ru,READ,2024-09-20 19:26:31
BYWDBz@ya.ru,DELETE,2024-09-20 15:32:35
RssCui@mail.ru,UPDATE,2024-09-20 16:43:20
BYWDBz@ya.ru,CREATE,2024-09-20 23:37:39
AjdIjF@mail.ru,CREATE,2024-09-20 19:47:58
FEXVfhXnUNAV@mail.ru,DELETE,2024-09-20 18:46:12
RssCui@mail.ru,UPDATE,2024-09-20 05:39:45
AjdIjF@mail.ru,CREATE,2024-09-20 02:24:38
RssCui@mail.ru,UPDATE,2024-09-20 03:16:59
kHpHM@ya.ru,CREATE,2024-09-20 21:39:28
HXiBtspZZahN@mail.ru,DELETE,2024-09-20 05:30:08
kHpHM@ya.ru,UPDATE,2024-09-20 20:08:17
cfLRkASXpiiJT@ya.ru,CREATE,2024-09-20 17:27:25
cZmhDLeKM@ya.ru,DELETE,2024-09-20 17:58:42
AjdIjF@mail.ru,CREATE,2024-09-20 06:54:26
cfLRkASXpiiJT@ya.ru,UPDATE,2024-09-20 08:46:02
BYWDBz@ya.ru,UPDATE,2024-09-20 10:27:45
AjdIjF@mail.ru,UPDATE,2024-09-20 14:09:26
AjdIjF@mail.ru,CREATE,2024-09-20 15:03:18
cfLRkASXpiiJT@ya.ru,READ,2024-09-20 11:46:28
cfLRkASXpiiJT@ya.ru,CREATE,2024-09-20 05:06:44
RssCui@mail.ru,UPDATE,2024-09-20 18:50:30
cZmhDLeKM@ya.ru,CREATE,2024-09-20 14:03:34
cZmhDLeKM@ya.ru,READ,2024-09-20 23:04:48
cZmhDLeKM@ya.ru,READ,2024-09-20 00:14:49
GTeZH@mail.ru,UPDATE,2024-09-20 19:27:12
FEXVfhXnUNAV@mail.ru,READ,2024-09-20 15:08:41
FEXVfhXnUNAV@mail.ru,CREATE,2024-09-20 00:16:40
BYWDBz@ya.ru,UPDATE,2024-09-20 12:04:14
RssCui@mail.ru,CREATE,2024-09-20 13:59:46
FEXVfhXnUNAV@mail.ru,READ,2024-09-20 01:59:07
cfLRkASXpiiJT@ya.ru,DELETE,2024-09-20 02:12:22
FEXVfhXnUNAV@mail.ru,CREATE,2024-09-20 16:29:46
FEXVfhXnUNAV@mail.ru,CREATE,2024-09-20 06:18:25
cfLRkASXpiiJT@ya.ru,DELETE,2024-09-20 08:31:06
kHpHM@ya.ru,CREATE,2024-09-20 06:55:18
cfLRkASXpiiJT@ya.ru,UPDATE,2024-09-20 06:18:35
cfLRkASXpiiJT@ya.ru,READ,2024-09-20 15:55:09
cZmhDLeKM@ya.ru,CREATE,2024-09-20 07:40:54
cfLRkASXpiiJT@ya.ru,UPDATE,2024-09-20 09:31:52
cfLRkASXpiiJT@ya.ru,READ,2024-09-20 03:28:03
SYdPBJbV@gmail.com,UPDATE,2024-09-20 06:31:45
cfLRkASXpiiJT@ya.ru,UPDATE,2024-09-20 01:58:12
cfLRkASXpiiJT@ya.ru,DELETE,2024-09-20 23:55:25
cZmhDLeKM@ya.ru,READ,2024-09-20 00:21:56
FEXVfhXnUNAV@mail.ru,DELETE,2024-09-20 05:16:56
HXiBtspZZahN@mail.ru,UPDATE,2024-09-20 00:59:34
RssCui@mail.ru,CREATE,2024-09-20 11:12:44
GTeZH@mail.ru,DELETE,2024-09-20 09:59:47
RssCui@mail.ru,DELETE,2024-09-20 08:45:18
SYdPBJbV@gmail.com,DELETE,2024-09-20 03:08:54
SYdPBJbV@gmail.com,UPDATE,2024-09-20 07:22:28
RssCui@mail.ru,DELETE,2024-09-20 17:29:25
GTeZH@mail.ru,UPDATE,2024-09-20 14:24:25
AjdIjF@mail.ru,CREATE,2024-09-20 00:23:36
BYWDBz@ya.ru,UPDATE,2024-09-20 17:16:11
SYdPBJbV@gmail.com,CREATE,2024-09-20 09:10:40
AjdIjF@mail.ru,UPDATE,2024-09-20 00:26:49
RssCui@mail.ru,READ,2024-09-20 05:31:34
AjdIjF@mail.ru,DELETE,2024-09-20 05:04:53
SYdPBJbV@gmail.com,UPDATE,2024-09-20 02:48:06
SYdPBJbV@gmail.com,CREATE,2024-09-20 15:00:53
HXiBtspZZahN@mail.ru,DELETE,2024-09-20 09:48:03
RssCui@mail.ru,READ,2024-09-20 20:20:34
GTeZH@mail.ru,DELETE,2024-09-20 05:02:34
AjdIjF@mail.ru,UPDATE,2024-09-20 17:02:57
AjdIjF@mail.ru,CREATE,2024-09-20 16:18:44
BYWDBz@ya.ru,READ,2024-09-20 03:51:22
HXiBtspZZahN@mail.ru,UPDATE,2024-09-20 07:07:54
cfLRkASXpiiJT@ya.ru,UPDATE,2024-09-20 22:07:05
AjdIjF@mail.ru,CREATE,2024-09-20 01:13:00
HXiBtspZZahN@mail.ru,UPDATE,2024-09-20 00:17:21
SYdPBJbV@gmail.com,DELETE,2024-09-20 11:47:26
SYdPBJbV@gmail.com,UPDATE,2024-09-20 14:53:51
HXiBtspZZahN@mail.ru,DELETE,2024-09-20 03:41:42
kHpHM@ya.ru,DELETE,2024-09-20 21:33:15
cfLRkASXpiiJT@ya.ru,READ,2024-09-20 16:57:40
cfLRkASXpiiJT@ya.ru,CREATE,2024-09-20 22:26:13
SYdPBJbV@gmail.com,READ,2024-09-20 03:46:33
RssCui@mail.ru,UPDATE,2024-09-20 05:17:23
AjdIjF@mail.ru,READ,2024-09-20 06:20:05
SYdPBJbV@gmail.com,DELETE,2024-09-20 21:08:21
RssCui@mail.ru,READ,2024-09-20 18:47:13
cfLRkASXpiiJT@ya.ru,UPDATE,2024-09-20 00:41:55
RssCui@mail.ru,READ,2024-09-20 17:10:49
HXiBtspZZahN@mail.ru,READ,2024-09-20 21:51:52
SYdPBJbV@gmail.com,DELETE,2024-09-20 03:47:59
cfLRkASXpiiJT@ya.ru,UPDATE,2024-09-20 15:23:13
HXiBtspZZahN@mail.ru,DELETE,2024-09-20 11:24:50
FEXVfhXnUNAV@mail.ru,CREATE,2024-09-20 01:35:51
BYWDBz@ya.ru,READ,2024-09-20 08:26:36
RssCui@mail.ru,READ,2024-09-20 07:16:14
RssCui@mail.ru,UPDATE,2024-09-20 17:31:49
FEXVfhXnUNAV@mail.ru,DELETE,2024-09-20 22:15:35
GTeZH@mail.ru,UPDATE,2024-09-20 12:51:31
FEXVfhXnUNAV@mail.ru,DELETE,2024-09-20 14:58:48
FEXVfhXnUNAV@mail.ru,UPDATE,2024-09-20 13:57:04
FEXVfhXnUNAV@mail.ru,DELETE,2024-09-20 15:05:53
RssCui@mail.ru,CREATE,2024-09-20 07:03:15
FEXVfhXnUNAV@mail.ru,CREATE,2024-09-20 02:40:47
GTeZH@mail.ru,UPDATE,2024-09-20 11:18:05
AjdIjF@mail.ru,DELETE,2024-09-20 03:16:42
SYdPBJbV@gmail.com,READ,2024-09-20 07:10:28
SYdPBJbV@gmail.com,READ,2024-09-20 17:44:08
HXiBtspZZahN@mail.ru,READ,2024-09-20 06:09:35
SYdPBJbV@gmail.com,UPDATE,2024-09-20 16:54:13
HXiBtspZZahN@mail.ru,READ,2024-09-20 18:03:00
cfLRkASXpiiJT@ya.ru,CREATE,2024-09-20 06:45:24
AjdIjF@mail.ru,READ,2024-09-20 01:33:49
BYWDBz@ya.ru,DELETE,2024-09-20 02:01:48
GTeZH@mail.ru,CREATE,2024-09-20 03:00:09
SYdPBJbV@gmail.com,DELETE,2024-09-20 07:04:15
SYdPBJbV@gmail.com,DELETE,2024-09-20 16:33:42
HXiBtspZZahN@mail.ru,UPDATE,2024-09-20 05:06:50
cfLRkASXpiiJT@ya.ru,UPDATE,2024-09-20 11:09:41
FEXVfhXnUNAV@mail.ru,UPDATE,2024-09-20 21:24:59
kHpHM@ya.ru,UPDATE,2024-09-20 04:32:18
cfLRkASXpiiJT@ya.ru,READ,2024-09-20 13:44:55
cfLRkASXpiiJT@ya.ru,UPDATE,2024-09-20 16:31:17
cfLRkASXpiiJT@ya.ru,READ,2024-09-20 21:21:43
RssCui@mail.ru,DELETE,2024-09-20 21:07:49
GTeZH@mail.ru,DELETE,2024-09-20 12:28:37
kHpHM@ya.ru,UPDATE,2024-09-20 04:38:33
FEXVfhXnUNAV@mail.ru,UPDATE,2024-09-20 08:55:06
cfLRkASXpiiJT@ya.ru,UPDATE,2024-09-20 00:02:26
BYWDBz@ya.ru,UPDATE,2024-09-20 16:29:58
AjdIjF@mail.ru,UPDATE,2024-09-20 05:11:40
cfLRkASXpiiJT@ya.ru,READ,2024-09-20 12:46:05
HXiBtspZZahN@mail.ru,READ,2024-09-20 22:55:23
BYWDBz@ya.ru,READ,2024-09-20 10:50:12
FEXVfhXnUNAV@mail.ru,UPDATE,2024-09-20 21:58:39
GTeZH@mail.ru,CREATE,2024-09-20 04:34:25
cZmhDLeKM@ya.ru,CREATE,2024-09-20 15:48:32
SYdPBJbV@gmail.com,READ,2024-09-20 08:19:55
FEXVfhXnUNAV@mail.ru,UPDATE,2024-09-20 04:08:50
SYdPBJbV@gmail.com,READ,2024-09-20 13:57:24
cfLRkASXpiiJT@ya.ru,READ,2024-09-20 23:49:43
AjdIjF@mail.ru,UPDATE,2024-09-20 15:26:49
GTeZH@mail.ru,DELETE,2024-09-20 23:17:29
SYdPBJbV@gmail.com,CREATE,2024-09-20 07:28:39
FEXVfhXnUNAV@mail.ru,DELETE,2024-09-20 00:07:14
SYdPBJbV@gmail.com,DELETE,2024-09-20 11:11:25
GTeZH@mail.ru,DELETE,2024-09-20 08:45:43
cZmhDLeKM@ya.ru,UPDATE,2024-09-20 05:25:40
GTeZH@mail.ru,CREATE,2024-09-20 15:03:18
FEXVfhXnUNAV@mail.ru,UPDATE,2024-09-20 19:21:01
GTeZH@mail.ru,DELETE,2024-09-20 03:39:29
RssCui@mail.ru,DELETE,2024-09-20 04:34:09
AjdIjF@mail.ru,UPDATE,2024-09-20 10:32:32
RssCui@mail.ru,CREATE,2024-09-20 15:24:27
BYWDBz@ya.ru,CREATE,2024-09-20 20:30:10
FEXVfhXnUNAV@mail.ru,UPDATE,2024-09-20 20:25:38
BYWDBz@ya.ru,DELETE,2024-09-20 13:53:52
GTeZH@mail.ru,CREATE,2024-09-20 00:12:43
AjdIjF@mail.ru,UPDATE,2024-09-20 02:51:04
cZmhDLeKM@ya.ru,READ,2024-09-20 23:29:36
BYWDBz@ya.ru,READ,2024-09-20 19:14:11
HXiBtspZZahN@mail.ru,READ,2024-09-20 17:01:41
GTeZH@mail.ru,UPDATE,2024-09-20 17:45:37
BYWDBz@ya.ru,DELETE,2024-09-20 20:38:31
cZmhDLeKM@ya.ru,CREATE,2024-09-20 08:02:16
cZmhDLeKM@ya.ru,CREATE,2024-09-20 20:37:45
RssCui@mail.ru,UPDATE,2024-09-20 09:42:37
GTeZH@mail.ru,READ,2024-09-20 10:16:26
AjdIjF@mail.ru,UPDATE,2024-09-20 16:14:13
SYdPBJbV@gmail.com,READ,2024-09-20 10:22:56
HXiBtspZZahN@mail.ru,UPDATE,2024-09-20 14:54:18
BYWDBz@ya.ru,UPDATE,2024-09-20 00:46:29
HXiBtspZZahN@mail.ru,DELETE,2024-09-20 09:06:42
FEXVfhXnUNAV@mail.ru,UPDATE,2024-09-20 04:09:50
FEXVfhXnUNAV@mail.ru,CREATE,2024-09-20 23:19:09
BYWDBz@ya.ru,READ,2024-09-20 23:11:37
SYdPBJbV@gmail.com,UPDATE,2024-09-20 08:02:04
RssCui@mail.ru,UPDATE,2024-09-20 13:01:08
cfLRkASXpiiJT@ya.ru,READ,2024-09-20 08:25:40
FEXVfhXnUNAV@mail.ru,CREATE,2024-09-20 03:11:29
GTeZH@mail.ru,UPDATE,2024-09-20 00:02:34
FEXVfhXnUNAV@mail.ru,UPDATE,2024-09-20 00:28:18
RssCui@mail.ru,READ,2024-09-20 17:51:57
SYdPBJbV@gmail.com,DELETE,2024-09-20 04:27:24
cfLRkASXpiiJT@ya.ru,DELETE,2024-09-20 18:04:32
SYdPBJbV@gmail.com,CREATE,2024-09-20 11:58:01
cZmhDLeKM@ya.ru,UPDATE,2024-09-20 03:42:42
kHpHM@ya.ru,UPDATE,2024-09-20 22:24:22
cZmhDLeKM@ya.ru,CREATE,2024-09-20 02:38:01
BYWDBz@ya.ru,CREATE,2024-09-20 22:59:33
kHpHM@ya.ru,READ,2024-09-20 07:44:23
kHpHM@ya.ru,UPDATE,2024-09-20 15:03:03
GTeZH@mail.ru,DELETE,2024-09-20 16:53:16
kHpHM@ya.ru,READ,2024-09-20 20:34:50
BYWDBz@ya.ru,DELETE,2024-09-20 06:14:34
RssCui@mail.ru,CREATE,2024-09-20 10:25:34
HXiBtspZZahN@mail.ru,UPDATE,2024-09-20 15:57:46
AjdIjF@mail.ru,CREATE,2024-09-20 08:11:22
SYdPBJbV@gmail.com,CREATE,2024-09-20 20:29:23
FEXVfhXnUNAV@mail.ru,CREATE,2024-09-20 16:11:12
cfLRkASXpiiJT@ya.ru,CREATE,2024-09-20 04:08:50
BYWDBz@ya.ru,DELETE,2024-09-20 03:14:50
cZmhDLeKM@ya.ru,UPDATE,2024-09-20 04:03:55
cfLRkASXpiiJT@ya.ru,DELETE,2024-09-20 15:00:12
GTeZH@mail.ru,UPDATE,2024-09-20 04:40:28
GTeZH@mail.ru,UPDATE,2024-09-20 03:25:11
GTeZH@mail.ru,UPDATE,2024-09-20 16:59:53
BYWDBz@ya.ru,UPDATE,2024-09-20 19:10:09
BYWDBz@ya.ru,CREATE,2024-09-20 22:10:52
GTeZH@mail.ru,CREATE,2024-09-20 19:48:07
GTeZH@mail.ru,DELETE,2024-09-20 12:12:27
AjdIjF@mail.ru,DELETE,2024-09-20 16:35:08
cZmhDLeKM@ya.ru,READ,2024-09-20 02:21:10
AjdIjF@mail.ru,UPDATE,2024-09-20 06:57:11
cfLRkASXpiiJT@ya.ru,UPDATE,2024-09-20 21:52:28
SYdPBJbV@gmail.com,DELETE,2024-09-20 10:49:56
BYWDBz@ya.ru,READ,2024-09-20 05:28:18
RssCui@mail.ru,CREATE,2024-09-20 18:02:56
kHpHM@ya.ru,CREATE,2024-09-20 01:52:56
HXiBtspZZahN@mail.ru,CREATE,2024-09-20 20:50:49
HXiBtspZZahN@mail.ru,READ,2024-09-20 02:52:47
kHpHM@ya.ru,DELETE,2024-09-20 01:22:40
HXiBtspZZahN@mail.ru,CREATE,2024-09-20 16:31:11
cZmhDLeKM@ya.ru,DELETE,2024-09-20 20:06:31
SYdPBJbV@gmail.com,UPDATE,2024-09-20 16:47:01
cfLRkASXpiiJT@ya.ru,UPDATE,2024-09-20 10:39:10
cfLRkASXpiiJT@ya.ru,READ,2024-09-20 01:29:11
GTeZH@mail.ru,CREATE,2024-09-20 02:14:38
cZmhDLeKM@ya.ru,READ,2024-09-20 23:00:47
GTeZH@mail.ru,CREATE,2024-09-20 23:09:01
GTeZH@mail.ru,READ,2024-09-20 16:14:27
kHpHM@ya.ru,CREATE,2024-09-20 18:19:48
RssCui@mail.ru,UPDATE,2024-09-20 02:55:18
HXiBtspZZahN@mail.ru,DELETE,2024-09-20 03:47:39
GTeZH@mail.ru,DELETE,2024-09-20 01:14:25
cZmhDLeKM@ya.ru,READ,2024-09-20 07:48:54
SYdPBJbV@gmail.com,READ,2024-09-20 05:41:07
BYWDBz@ya.ru,UPDATE,2024-09-20 13:51:33
AjdIjF@mail.ru,UPDATE,2024-09-20 11:14:26
BYWDBz@ya.ru,READ,2024-09-20 11:12:04
BYWDBz@ya.ru,READ,2024-09-20 12:35:53
GTeZH@mail.ru,UPDATE,2024-09-20 20:25:59
GTeZH@mail.ru,CREATE,2024-09-20 10:43:47
BYWDBz@ya.ru,READ,2024-09-20 19:28:37
kHpHM@ya.ru,UPDATE,2024-09-20 21:29:29
kHpHM@ya.ru,READ,2024-09-20 02:09:23
FEXVfhXnUNAV@mail.ru,DELETE,2024-09-20 15:31:34
SYdPBJbV@gmail.com,DELETE,2024-09-20 22:08:23
AjdIjF@mail.ru,UPDATE,2024-09-20 05:20:14
BYWDBz@ya.ru,CREATE,2024-09-20 16:01:04
FEXVfhXnUNAV@mail.ru,CREATE,2024-09-20 05:03:15
HXiBtspZZahN@mail.ru,CREATE,2024-09-20 05:26:57
cZmhDLeKM@ya.ru,READ,2024-09-20 14:49:35
FEXVfhXnUNAV@mail.ru,READ,2024-09-20 05:56:51
cZmhDLeKM@ya.ru,DELETE,2024-09-20 21:20:54
cZmhDLeKM@ya.ru,READ,2024-09-20 16:56:08
RssCui@mail.ru,UPDATE,2024-09-20 23:56:02
BYWDBz@ya.ru,CREATE,2024-09-20 20:03:12
cZmhDLeKM@ya.ru,CREATE,2024-09-20 23:04:27
kHpHM@ya.ru,CREATE,2024-09-20 19:34:11
kHpHM@ya.ru,DELETE,2024-09-20 02:30:17
RssCui@mail.ru,UPDATE,2024-09-20 21:49:37
HXiBtspZZahN@mail.ru,UPDATE,2024-09-20 16:29:53
cZmhDLeKM@ya.ru,READ,2024-09-20 06:12:14
cZmhDLeKM@ya.ru,READ,2024-09-20 19:18:38
AjdIjF@mail.ru,CREATE,2024-09-20 04:04:53
AjdIjF@mail.ru,READ,2024-09-20 03:34:17
SYdPBJbV@gmail.com,DELETE,2024-09-20 14:33:34
HXiBtspZZahN@mail.ru,CREATE,2024-09-20 01:39:35
AjdIjF@mail.ru,DELETE,2024-09-20 16:49:11
FEXVfhXnUNAV@mail.ru,DELETE,2024-09-20 16:47:23
cZmhDLeKM@ya.ru,UPDATE,2024-09-20 14:04:29
kHpHM@ya.ru,DELETE,2024-09-20 14:22:11
cfLRkASXpiiJT@ya.ru,CREATE,2024-09-20 12:27:29
BYWDBz@ya.ru,UPDATE,2024-09-20 08:17:48
BYWDBz@ya.ru,DELETE,2024-09-20 12:29:16
HXiBtspZZahN@mail.ru,DELETE,2024-09-20 20:10:39
cfLRkASXpiiJT@ya.ru,UPDATE,2024-09-20 13:22:25
AjdIjF@mail.ru,UPDATE,2024-09-20 20:35:02
AjdIjF@mail.ru,UPDATE,2024-09-20 03:27:58
SYdPBJbV@gmail.com,DELETE,2024-09-20 02:42:21
BYWDBz@ya.ru,CREATE,2024-09-20 20:28:57
kHpHM@ya.ru,UPDATE,2024-09-20 20:43:09
AjdIjF@mail.ru,DELETE,2024-09-20 17:11:17
AjdIjF@mail.ru,READ,2024-09-20 19:51:13
cfLRkASXpiiJT@ya.ru,UPDATE,2024-09-20 12:09:24
FEXVfhXnUNAV@mail.ru,CREATE,2024-09-20 02:16:09
HXiBtspZZahN@mail.ru,UPDATE,2024-09-20 05:43:26
cfLRkASXpiiJT@ya.ru,CREATE,2024-09-20 13:47:52
cfLRkASXpiiJT@ya.ru,READ,2024-09-20 19:38:39
HXiBtspZZahN@mail.ru,UPDATE,2024-09-20 12:04:13
AjdIjF@mail.ru,UPDATE,2024-09-20 03:48:53
cZmhDLeKM@ya.ru,READ,2024-09-20 16:41:43
cfLRkASXpiiJT@ya.ru,DELETE,2024-09-20 17:54:08
kHpHM@ya.ru,CREATE,2024-09-20 09:46:55
SYdPBJbV@gmail.com,DELETE,2024-09-20 23:24:07
kHpHM@ya.ru,UPDATE,2024-09-20 10:52:45
kHpHM@ya.ru,UPDATE,2024-09-20 13:59:15
GTeZH@mail.ru,READ,2024-09-20 06:52:26
cfLRkASXpiiJT@ya.ru,UPDATE,2024-09-20 11:05:42
RssCui@mail.ru,READ,2024-09-20 18:24:52
FEXVfhXnUNAV@mail.ru,DELETE,2024-09-20 12:19:27
GTeZH@mail.ru,CREATE,2024-09-20 01:12:39
AjdIjF@mail.ru,UPDATE,2024-09-20 16:33:24
HXiBtspZZahN@mail.ru,CREATE,2024-09-20 16:06:55
BYWDBz@ya.ru,DELETE,2024-09-20 22:03:31
kHpHM@ya.ru,READ,2024-09-20 18:05:26
FEXVfhXnUNAV@mail.ru,DELETE,2024-09-20 16:39:04
kHpHM@ya.ru,CREATE,2024-09-20 12:11:41
HXiBtspZZahN@mail.ru,DELETE,2024-09-20 04:29:11
cfLRkASXpiiJT@ya.ru,DELETE,2024-09-20 19:07:07
kHpHM@ya.ru,UPDATE,2024-09-20 19:34:31
SYdPBJbV@gmail.com,READ,2024-09-20 05:43:36
BYWDBz@ya.ru,CREATE,2024-09-20 15:29:30
HXiBtspZZahN@mail.ru,DELETE,2024-09-20 02:40:14
cZmhDLeKM@ya.ru,UPDATE,2024-09-20 14:57:23
RssCui@mail.ru,UPDATE,2024-09-20 15:26:09
kHpHM@ya.ru,UPDATE,2024-09-20 22:32:07
GTeZH@mail.ru,DELETE,2024-09-20 03:40:30
AjdIjF@mail.ru,UPDATE,2024-09-20 00:09:11
SYdPBJbV@gmail.com,READ,2024-09-20 20:06:45
HXiBtspZZahN@mail.ru,UPDATE,2024-09-20 02:11:07
HXiBtspZZahN@mail.ru,UPDATE,2024-09-20 18:32:37
SYdPBJbV@gmail.com,DELETE,2024-09-20 11:29:16
cfLRkASXpiiJT@ya.ru,READ,2024-09-20 22:48:55
BYWDBz@ya.ru,CREATE,2024-09-20 08:16:01
AjdIjF@mail.ru,CREATE,2024-09-20 12:22:07
RssCui@mail.ru,DELETE,2024-09-20 01:05:28
HXiBtspZZahN@mail.ru,UPDATE,2024-09-20 17:47:24
kHpHM@ya.ru,CREATE,2024-09-20 09:35:20
cZmhDLeKM@ya.ru,READ,2024-09-20 06:39:53
BYWDBz@ya.ru,READ,2024-09-20 14:42:37
cfLRkASXpiiJT@ya.ru,READ,2024-09-20 02:10:37
BYWDBz@ya.ru,DELETE,2024-09-20 03:23:01
cfLRkASXpiiJT@ya.ru,UPDATE,2024-09-20 09:38:37